id_acidente;cadloga;cadlogb;alt_num;referencia;data;cod_acid;dp;talao;feridos;mortos;distrito_atz;princ_a;princ_b;tipo_acidente;automovel;moto;onibus;caminhao;bicicleta;moto_taxi;onibus_fretado;onibus_urbano;microonibus;van;vuc;caminhonete;carreta;jipe;outros;sem_info;carroca;latitude;longitude;end;geocode;flag_cruzamento
D101702772;14767;66321;0;;10/29/2017 0:00;2;20;10170;2;0;82;14767;66321;CO;0;1;0;0;1;0;0;0;0;0;0;0;0;0;0;0;0;-23.468114;-46.61668;AVENIDA   NOVA CANTAREIRA X RUA   BENTO ARAUJO;MapInfo CET;TRUE
D111701178;46949;;0;NC;11/2/2017 0:06;2;47;10741;1;0;19;46949;;CO;1;0;0;0;1;0;0;0;0;0;0;0;0;0;0;0;0;-23.661229;-46.769877;AVENIDA PROF  TELEMACO H. M. VAN, 0;MapInfo CET;FALSE
D061701168;13733;36104;0;;6/18/2017 0:38;2;3;4191;1;0;78;7204;13733;CL;0;0;0;0;1;0;0;0;0;0;0;1;0;0;0;0;0;-23.535937;-46.633028;RUA   MAUA X VIADUTO ENG  ROMERO ZANDER;MapInfo CET;TRUE
D061700533;5687;4300;0;;6/11/2017 0:49;2;24;5194;1;0;18;4300;5687;CV;0;1;0;0;1;0;0;0;0;0;0;0;0;0;0;0;0;-23.504121;-46.503588;AVENIDA   DANFER X RUA   CARLOS ADRIANO;MapInfo CET;TRUE
D051700018;7645;;2950;;5/30/2017 0:50;2;21;4385;1;0;91;7645;;QB;0;0;0;0;1;0;0;0;0;0;0;0;0;0;0;0;0;-23.531924;-46.530042;AVENIDA CD DE FRONTIN, 2950;MapInfo CET;FALSE
D121701177;19230;;1525;;12/3/2017 0:53;2;92;11870;0;1;46;19230;;CH;0;0;0;0;1;0;0;0;0;0;0;0;0;0;0;0;0;-23.665964;-46.744393;RUA   NOVA DO TUPAROQUERA, 1525;MapInfo CET;FALSE
D101701050;544;;0;AV ALCANTARA MA;10/13/2017 1:15;2;8;7031;0;1;10;543;;CF;1;0;0;0;1;0;0;0;0;0;0;0;0;0;0;0;0;-23.552626;-46.617197;VIADUTO   ALCANTARA MACHADO, 0;MapInfo CET;FALSE
D031700989;5567;;2046;;3/2/2017 1:30;2;9;2123;1;0;70;5567;;CO;0;0;1;0;1;0;0;0;0;0;0;0;0;0;0;0;0;-23.512647;-46.624476;AVENIDA   CRUZEIRO DO SUL, 2046;MapInfo CET;FALSE
D111702295;6239;;150;;11/25/2017 1:30;2;30;5207;0;1;85;6239;;CO;0;1;0;0;1;0;0;0;0;0;0;0;0;0;0;0;0;-23.562622;-46.558306;AVENIDA DR  EDUARDO COTCHING, 150;MapInfo CET;FALSE
D021700153;64138;;2003;;2/18/2017 1:39;2;24;1450;1;0;28;64138;;CO;0;0;0;0;1;0;0;0;0;0;0;1;0;0;0;0;0;-23.495669;-46.497595;RUA   CANDIDO DE ABREU, 2003;MapInfo CET;FALSE
D071700351;6642;;484;;7/2/2017 2:00;2;2;4535;1;0;9;6642;;CO;1;0;0;0;1;0;0;0;0;0;0;0;0;0;0;0;0;-23.522632;-46.634236;AVENIDA  DO ESTADO, 484;MapInfo CET;FALSE
D101702715;12165;;3269;;10/29/2017 2:43;2;78;9841;2;0;32;12165;;CO;0;1;0;0;1;0;0;0;0;0;0;0;0;0;0;0;0;-23.574185;-46.655818;AVENIDA BRIG  LUIS ANTONIO, 3269;MapInfo CET;FALSE
D121700176;14767;;1050;;12/1/2017 3:15;2;20;11176;1;0;70;14767;;QB;0;0;0;0;1;0;0;0;0;0;0;0;0;0;0;0;0;-23.485177;-46.615827;AVENIDA   NOVA CANTAREIRA, 1050;MapInfo CET;FALSE
D061701059;70811;;19;;6/18/2017 3:19;2;101;5800;1;0;23;70811;;CV;1;0;0;0;1;0;0;0;0;0;0;0;0;0;0;0;0;-23.726108;-46.707927;RUA   DUARTE JOSE FAVA, 19;MapInfo CET;FALSE
D121702963;9044;;7000;;12/22/2017 4:00;2;49;6656;1;0;33;9044;;CL;1;0;0;0;1;0;0;0;0;0;0;0;0;0;0;0;0;-23.594498;-46.425395;AVENIDA   RAGUEB CHOHFI, 7000;MapInfo CET;FALSE
D091700936;4736;;900;;9/24/2017 4:20;2;12;6559;0;1;8;4736;;CO;0;0;0;0;1;0;0;0;0;0;0;0;0;0;0;1;0;-23.538513;-46.60341;AVENIDA   CELSO GARCIA, 900;MapInfo CET;FALSE
D071700930;13632;;0;NC;7/16/2017 4:30;2;4;6582;1;0;66;13632;;CO;1;0;0;0;1;0;0;0;0;0;0;0;0;0;0;1;0;-23.548811;-46.643753;RUA   MARTINS FONTES, 0;MapInfo CET;FALSE
D091701676;19817;5309;0;;9/13/2017 4:30;2;51;3970;1;0;12;5309;19817;CO;1;0;0;0;1;0;0;0;0;0;0;0;0;0;0;0;0;-23.569218;-46.715005;AVENIDA   VITALAMEDA BRASIL X AVENIDA   CORIFEU DE AZEVEDO MARQUES;MapInfo CET;TRUE
D041700746;17820;;5900;;4/25/2017 4:34;2;50;3748;1;0;36;17820;;CO;1;0;0;0;1;0;0;0;0;0;0;0;0;0;0;0;0;-23.495697;-46.404677;AVENIDA MALAMEDA  TITO, 5900;MapInfo CET;FALSE
D071700350;16276;;421;;7/9/2017 4:40;2;43;5307;0;1;22;16276;;CT;0;1;0;0;1;0;0;0;0;0;0;0;0;0;0;0;0;-23.661975;-46.662133;RUA   JUAN DE LA CRUZ, 421;MapInfo CET;FALSE
D071700666;10177;18197;0;;7/20/2017 4:50;2;12;3196;1;0;56;10177;18197;CO;1;0;0;0;1;0;0;0;0;0;0;0;0;0;0;0;0;-23.531932;-46.612459;RUA   JOAO BOEMER X RUA   SILVA TELES;MapInfo CET;TRUE
D011700610;11562;;100;;1/6/2017 5:00;2;95;411;1;0;68;11562;;CO;0;0;1;0;1;0;0;0;0;0;0;0;0;0;0;0;0;-23.604641;-46.599384;ESTRADA  DAS LAGRIMAS, 100;MapInfo CET;FALSE
D111701361;2181;;4680;;11/17/2017 5:23;2;66;4588;1;0;4;2181;;CO;0;1;0;0;1;0;0;0;0;0;0;0;0;0;0;0;0;-23.561551;-46.511637;AVENIDA   ARICANDUVA, 4680;MapInfo CET;FALSE
D031700550;6379;15246;0;;3/22/2017 5:35;2;49;38;1;0;33;6379;15246;CO;1;0;0;0;1;0;0;0;0;0;0;0;0;0;0;0;0;-23.604136;-46.431148;RUA   RIBEIRO BAIAO X RUA   BANDEIRA DO OURO;MapInfo CET;TRUE
D061700349;21253;;380;;6/5/2017 6:00;2;64;3675;1;0;5;21253;;CO;0;0;0;0;1;0;0;0;0;0;0;0;0;0;0;1;0;-23.538991;-46.481197;AVENIDA   AGUIA DE HAIA, 380;MapInfo CET;FALSE
D091703837;4736;;5000;;9/14/2017 6:00;2;52;1957;1;0;80;4736;;CO;1;0;0;0;1;0;0;0;0;0;0;0;0;0;0;0;0;-23.533304;-46.564453;AVENIDA   CELSO GARCIA, 5000;MapInfo CET;FALSE
D101700541;6897;5916;0;;10/14/2017 6:00;2;14;8982;1;0;62;5916;6897;CO;1;0;0;0;1;0;0;0;0;0;0;0;0;0;0;0;0;-23.569432;-46.691926;AVENIDA BRIG  FARIA LIMA X RUA   DIOGO MOREIRA;MapInfo CET;TRUE
D121701762;15378;;318;;12/19/2017 6:00;2;35;97;1;0;38;15378;;CO;1;0;0;0;1;0;0;0;0;0;0;0;0;0;0;0;0;-23.65525;-46.652298;RUA   CIDADE DE BAGDA, 318;MapInfo CET;FALSE
D081701926;47587;;300;;8/6/2017 6:04;2;54;7627;1;0;25;47587;;CF;1;0;0;0;1;0;0;0;0;0;0;0;0;0;0;0;0;-23.588753;-46.402117;RUA APOST  SIMAO PEDRO, 300;MapInfo CET;FALSE
D011700921;5136;4936;0;;1/5/2017 6:30;2;22;47;1;0;84;4936;5136;CV;1;0;0;0;1;0;0;0;0;0;0;0;0;0;0;0;0;-23.503935;-46.428573;AVENIDA   COCA X RUA   CEMBIRA;MapInfo CET;TRUE
D011700868;5817;;884;;1/9/2017 6:31;2;58;41;1;0;20;5817;;CV;0;0;1;0;1;0;0;0;0;0;0;0;0;0;0;0;0;-23.55876;-46.522287;AVENIDA   DEZENOVIELA DE JANEIRO, 884;MapInfo CET;FALSE
D111702205;10393;;111;;11/10/2017 6:33;2;50;10256;1;0;36;10393;;CO;0;0;0;0;1;0;0;0;0;0;0;1;0;0;0;0;0;-23.502008;-46.406054;ESTRADA DOM  JOAO NERY, 111;MapInfo CET;FALSE
D021700581;15425;3771;0;;2/3/2017 6:40;2;28;922;1;0;13;3771;15425;CO;0;0;0;1;1;0;0;0;0;0;0;0;0;0;0;0;0;-23.474188;-46.66982;AVENIDA DEP  CANTIDIO SAMPAIO X AVENIDA   INAJAR DE SOUZA;MapInfo CET;TRUE
D081702277;12326;12223;0;;8/1/2017 6:40;2;15;3151;1;0;35;12223;12326;CV;1;0;0;0;1;0;0;0;0;0;0;0;0;0;0;0;0;-23.589424;-46.677535;AVENIDA PRESTRADA  JUSCELINO KUBITSCHEK X RUA   LUIS DIAS;MapInfo CET;TRUE
D121703045;2235;;6600;;12/20/2017 6:40;2;97;2259;1;0;38;2235;;CO;1;0;0;0;1;0;0;0;0;0;0;0;0;0;0;0;0;-23.670199;-46.632489;AVENIDA ENG  ARMANDO DE ARRUDA PEREIRA, 6600;MapInfo CET;FALSE
D081700082;27094;;2200;;8/19/2017 6:44;2;30;3632;1;0;1;27094;;CL;1;0;0;0;1;0;0;0;0;0;0;0;0;0;0;0;0;-23.552121;-46.577574;AVENIDA   SALIM FARAH MALUF, 2200;MapInfo CET;FALSE
D021700472;21711;;468;;2/10/2017 6:55;2;44;859;1;0;31;21711;;CL;1;0;0;0;1;0;0;0;0;0;0;0;0;0;0;0;0;-23.552236;-46.413878;RUA   SATURNINO PEREIRA, 468;MapInfo CET;FALSE
D041700683;8860;2779;0;;4/27/2017 6:58;2;24;3462;1;0;18;2779;8860;CO;1;0;0;0;1;0;0;0;0;0;0;0;0;0;0;0;0;-23.499677;-46.51875;RUA  DOS HORTICULTORES X RUA   ANTONIO ROBERTO DE ALMEIDA;MapInfo CET;TRUE
D021700554;5567;;1000;;2/28/2017 7:00;2;12;1355;1;0;56;5567;;OU;0;0;0;0;1;0;0;0;0;0;0;0;0;0;0;0;0;-23.522921;-46.624757;AVENIDA   CRUZEIRO DO SUL, 1000;MapInfo CET;FALSE
D031700585;9078;;3059;;3/22/2017 7:00;2;38;1388;1;0;13;9078;;QB;1;0;0;0;1;0;0;0;0;0;0;0;0;0;0;0;0;-23.481313;-46.6565;AVENIDA   IMIRIM, 3059;MapInfo CET;FALSE
D031700931;19817;;900;;3/15/2017 7:00;2;51;961;1;0;12;19817;;CL;1;0;0;0;1;0;0;0;0;0;0;0;0;0;0;0;0;-23.569299;-46.712918;AVENIDA   VITALAMEDA BRASIL, 900;MapInfo CET;FALSE
D101700314;15666;;128;;10/17/2017 7:00;2;73;10862;1;0;81;15666;;CL;1;0;0;0;1;0;0;0;0;0;0;0;0;0;0;0;0;-23.463579;-46.597987;RUA   CANATIAR, 128;MapInfo CET;FALSE
D071700856;3668;5745;0;;7/17/2017 7:05;2;32;3340;1;0;37;3668;5745;CV;1;0;0;0;1;0;0;0;0;0;0;0;0;0;0;0;0;-23.533192;-46.450996;RUA PROF  BRITO MACHADO X AVENIDA   DAVID DOMINGUESTRADA FERREIRA;MapInfo CET;TRUE
D091703138;24924;70656;0;;9/26/2017 7:06;2;59;2595;1;0;44;24924;70656;CO;0;0;0;0;1;0;0;0;0;0;0;0;0;0;0;1;0;-23.482496;-46.412991;RUA   UBAPITANGA X RUA   BORBOLETA AMARELA;MapInfo CET;TRUE
D091702039;5272;9529;0;;9/19/2017 7:10;2;47;9329;1;0;19;5272;9529;CO;1;0;0;0;1;0;0;0;0;0;0;0;0;0;0;0;0;-23.662965;-46.781111;RUA  DOS COOPERADORES X ESTRADA  DE ITAPECERICA;MapInfo CET;TRUE
D061700121;11665;68246;0;;6/29/2017 7:15;2;45;1597;1;0;11;11665;68246;CV;1;0;0;0;1;0;0;0;0;0;0;0;0;0;0;0;0;-23.466867;-46.694745;ESTRADA   LAZARO AMANCIO DE BARROS X AVENIDA   ALMIR DEHAR;MapInfo CET;TRUE
D081700640;27358;;919;;8/7/2017 7:15;2;28;3223;1;0;29;27358;;CL;0;0;0;0;1;0;0;1;0;0;0;0;0;0;0;0;0;-23.481189;-46.708384;AVENIDA   FUAD LUTFALLA, 919;MapInfo CET;FALSE
D111701822;11379;;705;;11/11/2017 7:15;2;17;10917;1;0;34;11379;;CO;1;0;0;0;1;0;0;0;0;0;0;0;0;0;0;0;0;-23.592972;-46.597807;AVENIDA   JUNTAS PROVISORIAS, 705;MapInfo CET;FALSE
D081701480;17176;7819;0;;8/16/2017 7:16;2;36;2114;1;0;90;5307;7819;CV;1;0;0;0;1;0;0;0;0;0;0;0;0;0;0;0;0;-23.590205;-46.644726;PRACA   RIOLANDIA X RUA   GASSIPOS;MapInfo CET;TRUE
D061700256;45819;;120;;6/12/2017 7:17;2;73;5996;1;0;39;45819;;CO;1;0;0;0;1;0;0;0;0;0;0;0;0;0;0;0;0;-23.455044;-46.583596;RUA   ARI DA ROCHA MIRANDA, 120;MapInfo CET;FALSE
D011700514;12749;;100;;1/5/2017 7:20;2;38;105;1;0;13;12749;;CO;1;0;0;0;1;0;0;0;0;0;0;0;0;0;0;0;0;-23.478727;-46.658445;RUA   MANUEL PITTA, 100;MapInfo CET;FALSE
D031700078;21969;;153;;3/8/2017 7:20;2;62;2050;1;0;28;21969;;CO;0;0;1;0;1;0;0;0;0;0;0;0;0;0;0;0;0;-23.505856;-46.482265;RUA   JOAO ANTONIO ANDRADE, 153;MapInfo CET;FALSE
D031700420;22268;;145;;3/9/2017 7:20;2;66;898;2;0;24;22268;;CO;1;0;0;0;1;0;0;0;0;0;0;0;0;0;0;0;0;-23.561095;-46.483819;AVENIDA   OSVALDO VALLE CORDEIRO, 145;MapInfo CET;FALSE
D041700961;11116;;60;;4/3/2017 7:20;2;43;1098;1;0;22;11116;;CO;0;0;0;1;1;0;0;0;0;0;0;0;0;0;0;0;0;-23.660542;-46.678427;RUA   JOSE NEVES, 60;MapInfo CET;FALSE
D071700133;34616;;200;;7/24/2017 7:30;2;63;6094;1;0;87;34616;;CT;0;0;1;0;1;0;0;0;0;0;0;0;0;0;0;0;0;-23.498187;-46.449709;AVENIDA   AFONSO LOPESTRADA DE BAIAO, 200;MapInfo CET;FALSE
D091701762;31919;;2050;;9/5/2017 7:40;2;27;3243;1;0;15;31919;;CF;0;1;0;0;1;0;0;0;0;0;0;0;0;0;0;0;0;-23.621877;-46.679423;AVENIDA JORN  ROBERTO MARINHO, 2050;MapInfo CET;FALSE
D061700103;5640;12019;0;;6/19/2017 7:45;2;63;5102;1;0;87;5640;12019;CO;1;0;0;0;1;0;0;0;0;0;0;0;0;0;0;0;0;-23.49357;-46.455081;AVENIDA DR  CUSTODIO DE LIMA X RUA   LOURENCO DA COSTA;MapInfo CET;TRUE
D051700603;20089;;1590;;5/6/2017 7:47;2;9;4331;1;0;70;20089;;CO;0;0;1;0;1;0;0;0;0;0;0;0;0;0;0;0;0;-23.491911;-46.624692;RUA DR  ZUQUIM, 1590;MapInfo CET;FALSE
D081700042;6013;;2166;;8/4/2017 7:50;2;16;7783;1;0;90;6013;;CV;1;0;0;0;1;0;0;0;0;0;0;0;0;0;0;0;0;-23.595297;-46.636795;RUA   DOMINGOS DE MORAIS, 2166;MapInfo CET;FALSE
D091703817;16838;;13050;;9/14/2017 7:52;2;74;3997;1;0;42;16838;;CO;1;0;0;0;1;0;0;0;0;0;0;0;0;0;0;0;0;-23.432482;-46.720139;AVENIDA   RAIMUNDO PEREIRA DE MAGAL., 13050;MapInfo CET;FALSE
D101701821;543;;3198;;10/20/2017 7:55;4;8;7227;1;0;53;543;;AT;0;0;0;0;1;0;0;0;0;0;0;0;0;0;0;0;0;-23.544723;-46.593998;AVENIDA   ALCANTARA MACHADO, 3198;MapInfo CET;FALSE
D011700151;20990;2550;0;;1/5/2017 8:00;2;62;48;1;0;28;2550;20990;CO;1;0;0;0;1;0;0;0;0;0;0;0;0;0;0;0;0;-23.497662;-46.479211;RUA PROF  ANTONIO DE CASTRO LOPES X RUA   AUGUSTO MUNIZ RIBEIRO;MapInfo CET;TRUE
D011700790;69792;;800;;1/12/2017 8:00;2;74;282;1;0;29;69792;;QB;0;0;0;0;1;0;0;0;0;0;0;0;0;0;0;0;0;-23.463678;-46.701425;RUA   ENCRUZILHADA DO SUL, 800;MapInfo CET;FALSE
D011700866;4696;;915;;1/5/2017 8:00;2;59;90;1;0;44;4696;;CO;0;0;0;0;1;0;0;0;1;0;0;0;0;0;0;0;0;-23.49151;-46.395445;RUA   BERNARDO DE CHAVESTRADA CABRAL, 915;MapInfo CET;FALSE
D041700721;5245;;1400;;4/6/2017 8:00;2;4;1551;1;0;26;5245;;CL;1;0;0;0;1;0;0;0;0;0;0;0;0;0;0;0;0;-23.550791;-46.655336;RUA  DA CONSOLACAO, 1400;MapInfo CET;FALSE
D051700742;46936;;809;;5/12/2017 8:00;2;53;3305;1;0;74;46936;;QB;0;0;0;0;1;0;0;0;0;0;0;0;0;0;0;0;0;-23.495999;-46.455185;AVENIDA   JACU-PESSEGO/NOVA TRABALHADORE, 809;MapInfo CET;FALSE
D061701056;38538;;330;;6/27/2017 8:00;2;25;2268;0;1;55;38538;;CL;0;0;0;1;1;0;0;0;0;0;0;0;0;0;0;0;0;-23.854708;-46.758835;ESTRADA  DO CIPO, 330;MapInfo CET;FALSE
D081700062;21629;;675;;8/7/2017 8:00;2;33;5277;1;0;95;21629;;CL;1;0;0;0;1;0;0;0;0;0;0;0;0;0;0;0;0;-23.502712;-46.748162;AVENIDA   ELISIO CORDEIRO DE SIQUEIRA, 675;MapInfo CET;FALSE
D081701713;2889;;719;;8/23/2017 8:00;2;77;3408;1;0;69;2889;;QB;0;0;0;0;1;0;0;0;0;0;0;0;0;0;0;0;0;-23.535932;-46.657805;ALAMEDA   BARROS, 719;MapInfo CET;FALSE
D091703671;1831;7462;0;;9/12/2017 8:05;2;20;8583;1;0;81;1831;7462;CV;0;0;0;0;1;0;0;0;0;0;0;1;0;0;0;0;0;-23.457782;-46.626915;RUA   ICAMAQUA X RUA   FRANCISCO INGLES;MapInfo CET;TRUE
D071700168;1019;;1748;;7/3/2017 8:06;2;90;2000;1;0;89;1019;;CO;0;0;0;0;1;0;0;0;0;0;0;0;0;0;0;1;0;-23.509918;-46.571096;AVENIDA TTE  AMARO FELICISSIMO DA SILVEI, 1748;MapInfo CET;FALSE
D031700984;17400;;20;;3/30/2017 8:07;2;12;1319;1;0;10;17400;;CO;0;1;0;0;1;0;0;0;0;0;0;0;0;0;0;0;0;-23.540608;-46.627306;RUA STA  ROSA, 20;MapInfo CET;FALSE
D111702511;15656;;1415;;11/14/2017 8:10;4;78;10345;2;0;7;15656;;AT;0;0;0;0;1;0;0;0;0;0;0;0;0;0;0;0;0;-23.562641;-46.655096;AVENIDA   PAULISTA, 1415;MapInfo CET;FALSE
D081701548;5326;;90;;8/6/2017 8:13;2;20;7372;1;0;81;5326;;CL;0;0;0;0;1;0;0;0;0;0;0;0;0;0;0;1;0;-23.457354;-46.605089;RUA   CORNELIO SERAFIM, 90;MapInfo CET;FALSE
D111701881;13812;;21;;11/29/2017 8:14;2;87;3974;1;0;63;13812;;CO;1;0;0;0;1;0;0;0;0;0;0;0;0;0;0;0;0;-23.49548;-46.710098;RUA   MEMBECA, 21;MapInfo CET;FALSE
D021700170;5256;;1000;;2/13/2017 8:15;2;37;540;0;1;17;5256;;CO;0;0;0;0;1;0;0;0;0;0;0;0;0;0;0;1;0;-23.631501;-46.749675;RUA   CONSTANTINO DE OLIVEIRA LEDO, 1000;MapInfo CET;FALSE
D051700641;6651;4003;0;;5/9/2017 8:15;2;78;4382;1;0;7;4003;6651;CO;1;0;0;0;1;0;0;0;0;0;0;0;0;0;0;0;0;-23.5631;-46.650419;RUA   ESTADOS UNIDOS X ALAMEDA   CAMPINAS;MapInfo CET;TRUE
D111702848;30222;1473;0;;11/13/2017 8:15;2;32;3670;1;0;74;1473;30222;CO;1;0;0;0;1;0;0;0;0;0;0;0;0;0;0;0;0;-23.521374;-46.437607;AVENIDA   MOISESTRADA MAIMONIDES X RUA PDE  ANTAO JORGE;MapInfo CET;TRUE
D021700871;15334;1919;0;;2/23/2017 8:19;2;35;992;1;0;38;1919;15334;CO;1;0;0;0;1;0;0;0;0;0;0;0;0;0;0;0;0;-23.643787;-46.667385;RUA   PALESTINA X RUA   PALACETE DAS AGUIAS;MapInfo CET;TRUE
D091702198;63101;;310;;9/4/2017 8:19;2;53;5852;1;0;57;63101;;CO;1;0;0;0;1;0;0;0;0;0;0;0;0;0;0;0;0;-23.567895;-46.47269;RUA   VENANCIO LISBOA, 310;MapInfo CET;FALSE
D021700848;18151;;3005;;2/15/2017 8:20;2;20;1592;1;0;81;18151;;CO;1;0;0;0;1;0;0;0;0;0;0;0;0;0;0;0;0;-23.452302;-46.601901;AVENIDA CEL  SEZEFREDO FAGUNDES, 3005;MapInfo CET;FALSE
D121701604;21514;999;0;;12/12/2017 8:20;2;96;4269;1;0;71;999;21514;CV;1;0;0;0;1;0;0;0;0;0;0;0;0;0;0;0;0;-23.626387;-46.687437;AVENIDA   ROQUE PETRONI JUNIOR X AVENIDA   SANTO AMARO;MapInfo CET;TRUE
D121701789;18408;;1955;;12/16/2017 8:20;2;42;7940;0;1;72;18408;;QB;0;0;0;0;1;0;0;0;0;0;0;0;0;0;0;0;0;-23.584837;-46.539607;RUA   SOLIDONIO LEITE, 1955;MapInfo CET;FALSE
D061700241;4736;;560;;6/17/2017 8:27;2;12;4056;1;0;8;4736;;CL;0;0;1;0;1;0;0;0;0;0;0;0;0;0;0;0;0;-23.53901;-46.606791;AVENIDA   CELSO GARCIA, 560;MapInfo CET;FALSE
D061701027;4200;;169;;6/8/2017 8:29;2;14;5284;1;0;45;4200;;CL;1;0;0;0;1;0;0;0;0;0;0;0;0;0;0;0;0;-23.559786;-46.673991;RUA   CAPOTE VALENTE, 169;MapInfo CET;FALSE
D011700614;1657;6440;0;;1/12/2017 8:30;2;30;175;1;0;85;141;6440;CO;0;1;0;0;1;0;0;0;0;0;0;0;0;0;0;0;0;-23.556048;-46.554116;RUA   ANTONIO DE BARROS X RUA   EMILIA MARENGO;MapInfo CET;TRUE
D061701009;16581;;120;;6/28/2017 8:30;2;2;4468;1;0;9;16581;;CO;1;0;0;0;1;0;0;0;0;0;0;0;0;0;0;0;0;-23.53301;-46.636974;RUA   PRATES, 120;MapInfo CET;FALSE
D071700709;13822;11253;0;;7/26/2017 8:30;2;90;2234;1;0;92;11253;13822;CO;0;0;1;0;1;0;0;0;0;0;0;0;0;0;0;0;0;-23.48512;-46.569426;AVENIDA   MENDESTRADA DA ROCHA X RUA   JOTA CARLOS;MapInfo CET;TRUE
D081700208;7664;;50;;8/30/2017 8:30;2;1;5447;1;0;78;7664;;CH;0;0;0;0;1;0;0;0;0;0;0;0;0;0;0;0;0;-23.553362;-46.633349;RUA CONS  FURTADO, 50;MapInfo CET;FALSE
D081700402;5245;;1300;;8/8/2017 8:30;2;4;3078;1;0;26;5245;;CL;1;0;0;0;1;0;0;0;0;0;0;0;0;0;0;0;0;-23.549453;-46.653535;RUA  DA CONSOLACAO, 1300;MapInfo CET;FALSE
D091700818;4775;;1156;;9/15/2017 8:30;2;19;3297;1;0;89;4775;;CO;0;0;0;0;1;0;0;0;0;0;0;0;0;0;0;1;0;-23.50635;-46.577419;AVENIDA  DAS CEREJEIRAS, 1156;MapInfo CET;FALSE
D111700261;2048;;222;;11/16/2017 8:30;2;96;3897;1;0;35;2048;;CT;1;0;0;0;1;0;0;0;0;0;0;0;0;0;0;0;0;-23.610369;-46.693281;RUA   ARANDU, 222;MapInfo CET;FALSE
D011700516;10548;;1522;;1/9/2017 8:32;2;78;217;1;0;45;10548;;OU;0;0;0;0;1;0;0;0;0;0;0;0;0;0;0;0;0;-23.572718;-46.657952;ALAMEDA   JOAQUIM EUGENIO DE LIMA, 1522;MapInfo CET;FALSE
D101703178;5567;;1101;;10/20/2017 8:32;2;12;4768;1;0;56;5567;;CT;0;1;0;0;1;0;0;0;0;0;0;0;0;0;0;0;0;-23.521609;-46.625457;AVENIDA   CRUZEIRO DO SUL, 1101;MapInfo CET;FALSE
D031700934;17135;;2189;;3/6/2017 8:35;2;41;1054;1;0;4;17135;;CO;1;0;0;0;1;0;0;0;0;0;0;0;0;0;0;0;0;-23.572251;-46.505467;AVENIDA   RIO DAS PEDRAS, 2189;MapInfo CET;FALSE
D081702161;8320;;2512;;8/1/2017 8:35;2;73;7945;0;1;39;8320;;CO;0;0;1;0;1;0;0;0;0;0;0;0;0;0;0;0;0;-23.467855;-46.584058;AVENIDA   GUAPIRA, 2512;MapInfo CET;FALSE
D121701333;19337;;660;;12/1/2017 8:36;2;38;4721;1;0;51;19337;;CF;0;0;0;0;1;0;0;0;0;0;0;1;0;0;0;0;0;-23.471501;-46.640667;AVENIDA   ULTRAMARINO, 660;MapInfo CET;FALSE
D051700482;12288;;3000;;5/26/2017 8:40;2;42;1363;1;0;72;12288;;CH;0;0;0;0;1;0;0;0;0;0;0;0;0;0;0;0;0;-23.581954;-46.542305;RUA   LUIS PUCCI, 3000;MapInfo CET;FALSE
D021700376;10512;11818;0;;2/9/2017 8:45;2;5;550;1;0;49;10512;19583;CL;0;0;0;0;1;0;0;0;0;0;0;0;0;0;0;1;0;-23.561975;-46.638634;RUA S  JOAQUIM X AVENIDA  DA LIBERDADE;MapInfo CET;TRUE
D091700803;16810;15207;0;;9/6/2017 8:45;2;78;7710;1;0;90;4420;16810;CO;1;0;0;0;1;0;0;0;0;0;0;0;0;0;0;0;0;-23.57385;-46.649406;RUA DR  RAFAEL DE BARROS X RUA   OTAVIO NEBIAS;MapInfo CET;TRUE
D091701898;19253;;442;;9/14/2017 8:50;2;83;1916;0;1;68;19253;;CL;0;0;1;0;1;0;0;0;0;0;0;0;0;0;0;0;0;-23.650021;-46.608146;RUA   FRANCOIS BUNEL, 442;MapInfo CET;FALSE
D041700581;16878;;16000;;4/3/2017 9:00;2;75;997;2;0;65;16878;;CO;0;1;0;0;1;0;0;0;0;0;0;0;0;0;0;0;0;-23.583868;-46.76884;VIA   RAPOSO TAVARES, 16000;MapInfo CET;FALSE
D071700337;41011;;0;NC;7/23/2017 9:00;2;87;2409;1;0;63;41011;;QB;0;0;0;0;1;0;0;0;0;0;0;0;0;0;0;0;0;-23.485505;-46.725803;RUA   AGARUM, 0;MapInfo CET;FALSE
D071701042;8000;;6675;;7/2/2017 9:00;2;89;6364;1;0;83;8000;;CO;1;0;0;0;1;0;0;0;0;0;0;0;0;0;0;0;0;-23.638355;-46.736907;AVENIDA   GIOVANNI GRONCHI, 6675;MapInfo CET;FALSE
D101700684;19727;34122;0;;10/12/2017 9:00;2;30;3594;1;0;80;19727;34122;CV;0;0;1;0;1;0;0;0;0;0;0;0;0;0;0;0;0;-23.538725;-46.566813;RUA   VILELA X RUA   MELO FREIRE;MapInfo CET;TRUE
D111700918;29848;;40;;11/27/2017 9:00;2;75;2950;1;0;65;29848;;CO;1;0;0;0;1;0;0;0;0;0;0;0;0;0;0;0;0;-23.59308;-46.798658;RUA   FRANCISCO ANDREVI, 40;MapInfo CET;FALSE
D091702091;12436;;6206;;9/23/2017 9:10;2;91;5066;1;0;88;29772;;CO;1;0;0;0;1;0;0;0;0;0;0;0;0;0;0;0;0;-23.520199;-46.745893;AVENIDA EMB  MACEDO SOARES, 6206;MapInfo CET;FALSE
D051700432;19206;;2370;;5/11/2017 9:18;2;30;1545;1;0;80;19206;;CO;1;0;0;0;1;0;0;0;0;0;0;0;0;0;0;0;0;-23.546277;-46.574208;RUA   TUIUTI, 2370;MapInfo CET;FALSE
D021700184;855;;1701;;2/21/2017 9:20;2;51;523;1;0;12;855;;CO;1;0;0;0;1;0;0;0;0;0;0;0;0;0;0;0;0;-23.565606;-46.712346;RUA   ALVARENGA, 1701;MapInfo CET;FALSE
D031700042;4531;64783;0;;3/28/2017 9:20;2;70;1161;1;0;76;4531;64783;CO;1;0;0;0;1;0;0;0;0;0;0;0;0;0;0;0;0;-23.604047;-46.5196;AVENIDA   CASA GRANDE (SAPOPEMBA) X RUA  DAS FONTAINHAS;MapInfo CET;TRUE
D071700834;20089;;1746;;7/6/2017 9:20;2;20;6218;1;0;70;20089;;CL;1;0;0;0;1;0;0;0;0;0;0;0;0;0;0;0;0;-23.489963;-46.624406;RUA DR  ZUQUIM, 1746;MapInfo CET;FALSE
D061700554;14767;;1000;;6/1/2017 9:22;2;20;5269;1;0;81;14767;;CT;0;0;0;0;1;0;0;0;0;0;0;0;0;0;0;1;0;-23.442331;-46.615713;AVENIDA   NOVA CANTAREIRA, 1000;MapInfo CET;FALSE
D021701042;98750;;0;NC;2/5/2017 9:23;2;92;475;0;1;SI;98750;;QB;0;0;0;0;1;0;0;0;0;0;0;0;0;0;0;0;0;0;0;SI   SEM INFORMACAO DE ENDERECO, 0;MapInfo CET;FALSE
D041700038;27066;;22;;4/15/2017 9:30;2;41;2007;1;0;4;27066;;CO;1;0;0;0;1;0;0;0;0;0;0;0;0;0;0;0;0;-23.57917;-46.522296;RUA   ARAMBARE, 22;MapInfo CET;FALSE
D051700118;34562;;370;;5/26/2017 9:30;2;28;2066;1;0;29;34562;;CO;1;0;0;0;1;0;0;0;0;0;0;0;0;0;0;0;0;-23.490327;-46.688616;AVENIDA   JOAO PAULO I, 370;MapInfo CET;FALSE
D051700951;14267;;7777;;5/3/2017 9:30;2;96;1886;1;0;35;14267;;CO;1;0;0;0;1;0;0;0;0;0;0;0;0;0;0;0;0;-23.619465;-46.695514;AVENIDA   MORUMBI, 7777;MapInfo CET;FALSE
D081700741;16422;;43;;8/21/2017 9:30;2;30;2852;1;0;80;16422;;CT;1;0;0;0;1;0;0;0;0;0;0;0;0;0;0;0;0;-23.541522;-46.574737;RUA   PLATINA, 43;MapInfo CET;FALSE
D091703031;13614;2617;0;;9/28/2017 9:30;2;4;4562;1;0;66;2617;13614;CV;1;0;0;0;1;0;0;0;0;0;0;0;0;0;0;0;0;-23.550703;-46.645847;RUA   MARTINHO PRADO X RUA   AVANHANDAVA;MapInfo CET;TRUE
D111701117;7882;;680;;11/9/2017 9:30;2;35;9750;1;0;38;7882;;CV;1;0;0;0;1;0;0;0;0;0;0;0;0;0;0;0;0;-23.642623;-46.644506;AVENIDA ENG  GEORGE CORBISIER, 680;MapInfo CET;FALSE
D011700526;20990;;120;;1/9/2017 9:40;2;62;93;1;0;28;20990;;CO;1;0;0;0;1;0;0;0;0;0;0;0;0;0;0;0;0;-23.505041;-46.475793;RUA PROF  ANTONIO DE CASTRO LOPES, 120;MapInfo CET;FALSE
D081700874;8225;;1890;;8/31/2017 9:40;2;15;8072;1;0;45;8225;;CO;1;0;0;0;1;0;0;0;0;0;0;0;0;0;0;0;0;-23.568182;-46.678062;RUA   GROENLANDIA, 1890;MapInfo CET;FALSE
D091702326;1702;;2200;;9/4/2017 9:40;2;21;3346;1;0;91;1702;;CO;1;0;0;0;1;0;0;0;0;0;0;0;0;0;0;0;0;-23.530798;-46.502922;AVENIDA   ANTONIO ESTEVAO DE CARVALHO, 2200;MapInfo CET;FALSE
D101701822;3509;;2257;;10/12/2017 9:40;2;101;3375;1;0;30;3509;;CF;1;0;0;0;1;0;0;0;0;0;0;0;0;0;0;0;0;-23.749317;-46.687632;AVENIDA DONA  BELMIRA MARIN, 2257;MapInfo CET;FALSE
D101702585;16535;;934;;10/26/2017 9:40;2;96;9382;1;0;35;16535;;CO;1;0;0;0;1;0;0;0;0;0;0;0;0;0;0;0;0;-23.616719;-46.683427;AVENIDA   PORTUGAL, 934;MapInfo CET;FALSE
D111703304;98317;;55;;11/18/2017 9:42;4;90;13227;0;1;89;98317;;AT;0;0;0;0;1;0;0;0;0;0;0;0;0;0;0;0;0;-23.516551;-46.573564;RUA   UNIAO (JD ANDARAI), 55;MapInfo CET;FALSE
D041700198;18608;;212;;4/20/2017 9:43;2;34;1176;2;0;54;18608;;CO;1;0;0;0;1;0;0;0;0;0;0;0;0;0;0;0;0;-23.587005;-46.695972;AVENIDA  DOS TAJURAS, 212;MapInfo CET;FALSE
D081701491;36061;;340;;8/11/2017 9:43;2;9;3220;1;0;86;36061;;CL;1;0;0;0;1;0;0;0;0;0;0;0;0;0;0;0;0;-23.499464;-46.61384;AVENIDA   LUIZ DUMONT VILLARES, 340;MapInfo CET;FALSE
D011700656;8567;;440;;1/13/2017 9:45;2;58;99;1;0;85;8567;;CO;1;0;0;0;1;0;0;0;0;0;0;0;0;0;0;0;0;-23.579173;-46.539515;RUA   HAMILTON PRADO, 440;MapInfo CET;FALSE
D051700583;32110;930;0;;5/25/2017 9:49;2;96;1838;1;0;35;930;32110;CO;0;1;0;0;1;0;0;0;0;0;0;0;0;0;0;0;0;-23.604342;-46.677414;RUA   EDUARDO XAVIER DA SILVA X RUA   ALVORADA;MapInfo CET;TRUE
D041700439;9159;14531;0;;4/22/2017 9:55;2;36;3461;0;1;32;9159;14531;CL;0;0;1;0;1;0;0;0;0;0;0;0;0;0;0;0;0;-23.60283;-46.655302;AVENIDA   INDIANOPOLIS X ALAMEDA  DOS NHAMBIQUARAS;MapInfo CET;TRUE
D011700561;5245;;753;;1/24/2017 10:00;2;4;329;1;0;26;5245;;QB;0;0;0;0;1;0;0;0;0;0;0;0;0;0;0;0;0;-23.548299;-46.648273;RUA  DA CONSOLACAO, 753;MapInfo CET;FALSE
D021700065;3813;;1935;;2/19/2017 10:00;2;40;1696;1;0;21;3813;;CO;0;0;1;0;1;0;0;0;0;0;0;0;0;0;0;0;0;-23.497903;-46.66409;AVENIDA ENG  CAETANO ALVARES, 1935;MapInfo CET;FALSE
D021700907;16838;;1700;;2/19/2017 10:00;2;87;703;1;0;63;16838;;CO;0;0;0;0;1;0;0;0;0;0;0;1;0;0;0;0;0;-23.50216;-46.721749;AVENIDA   RAIMUNDO PEREIRA DE MAGAL., 1700;MapInfo CET;FALSE
D061700829;852;;2501;;6/1/2017 10:00;2;98;4329;1;0;58;852;;CV;1;0;0;0;1;0;0;0;0;0;0;0;0;0;0;0;0;-23.695562;-46.651777;ESTRADA  DO ALVARENGA, 2501;MapInfo CET;FALSE
D081700509;6897;;1690;;8/7/2017 10:00;2;15;7330;1;0;62;6897;;CO;1;0;0;0;1;0;0;0;0;0;0;0;0;0;0;0;0;-23.573021;-46.689779;AVENIDA BRIG  FARIA LIMA, 1690;MapInfo CET;FALSE
D091702420;16017;8760;0;;9/23/2017 10:00;2;14;8344;1;0;2;6830;8760;CO;1;0;0;0;1;0;0;0;0;0;0;0;0;0;0;0;0;-23.55737;-46.701201;AVENIDA   PEDROSO DE MORAIS X PRACA   ERNANI BRAGA;MapInfo CET;TRUE
D091702921;12651;15647;0;;9/19/2017 10:00;2;36;2635;1;0;32;12651;15647;CO;1;0;0;0;1;0;0;0;0;0;0;0;0;0;0;0;0;-23.578262;-46.658865;RUA   MANUEL DA NOBREGA X RUA   PAULINO CAMASMIE;MapInfo CET;TRUE
D091703238;16429;;159;;9/27/2017 10:00;2;4;4634;1;0;7;16429;;CO;1;0;0;0;1;0;0;0;0;0;0;0;0;0;0;0;0;-23.557067;-46.651146;RUA DR  PLINIO BARRETO, 159;MapInfo CET;FALSE
D031700355;16870;;1419;;3/28/2017 10:20;2;12;1282;1;0;10;16870;;CO;0;0;0;0;1;0;0;0;0;0;0;2;0;0;0;0;0;-23.544037;-46.619432;AVENIDA   RANGEL PESTANA, 1419;MapInfo CET;FALSE
D061701147;66;;37;;6/2/2017 10:30;2;16;920;1;0;77;66;;CH;0;0;0;0;1;0;0;0;0;0;0;0;0;0;0;1;0;-23.604748;-46.626003;AVENIDA PROF  ABRAAO DE MORAIS, 37;MapInfo CET;FALSE
D081700050;9276;;210;;8/22/2017 10:30;2;3;4658;1;0;66;9276;;CL;1;0;0;0;1;0;0;0;0;0;0;0;0;0;0;0;0;-23.546228;-46.644471;AVENIDA   IPIRANGA, 210;MapInfo CET;FALSE
D081700058;44623;;200;;8/26/2017 10:40;2;23;4513;1;0;6;44623;;CO;1;0;0;0;1;0;0;0;0;0;0;0;0;0;0;0;0;-23.524689;-46.674109;RUA   GUSTAVENIDA WILLI BORGHOFF, 200;MapInfo CET;FALSE
D091702340;18172;;1585;;9/12/2017 10:45;2;17;9412;1;0;34;18172;;QB;0;0;0;0;1;0;0;0;0;0;0;0;0;0;0;0;0;-23.592571;-46.601163;RUA   SILVA BUENO, 1585;MapInfo CET;FALSE
D021700273;42220;;800;;2/4/2017 10:50;2;73;1178;1;0;81;42220;;CO;0;0;1;0;1;0;0;0;0;0;0;0;0;0;0;0;0;-23.440042;-46.587518;RUA   USHIKICHI KAMIYA, 800;MapInfo CET;FALSE
D111702901;14319;;811;;11/26/2017 10:50;2;22;4005;1;0;44;14319;;CO;1;0;0;0;1;0;0;0;0;0;0;0;0;0;0;0;0;-23.487743;-46.42504;RUA   MUNIZ FALCAO, 811;MapInfo CET;FALSE
D041700897;4736;19206;0;;4/29/2017 10:52;4;52;3402;1;0;80;4736;19206;AT;0;0;0;0;1;0;0;0;0;0;0;0;0;0;0;0;0;-23.535247;-46.575558;AVENIDA   CELSO GARCIA X RUA   TUIUTI;MapInfo CET;TRUE
D061700680;7061;;80000;;6/3/2017 11:00;2;73;5645;0;1;39;7061;;CO;0;0;0;1;1;0;0;0;0;0;0;0;0;0;0;0;0;-23.474307;-46.561587;VIA   FERNAO DIAS, 80000;MapInfo CET;FALSE
D061701006;18423;;400;;6/19/2017 11:00;2;38;2594;0;1;13;18423;;QB;0;0;0;0;1;0;0;0;0;0;0;0;0;0;0;0;0;-23.458559;-46.653725;RUA CDSSA  AMALIA MATARAZZO, 400;MapInfo CET;FALSE
D081700434;7089;;150;;8/6/2017 11:00;2;12;1796;1;0;8;7089;;CO;1;0;0;0;1;0;0;0;0;0;0;0;0;0;0;0;0;-23.52409;-46.603502;RUA   FERREIRA DE OLIVEIRA, 150;MapInfo CET;FALSE
D111701439;14319;;1;;11/26/2017 11:00;2;22;4026;1;0;44;14319;;CO;0;0;0;0;1;0;0;0;0;0;0;0;0;0;0;1;0;-23.487978;-46.427491;RUA   MUNIZ FALCAO, 1;MapInfo CET;FALSE
D091703096;12651;;1080;;9/28/2017 11:19;4;36;2549;1;0;32;12651;;AT;0;0;0;0;1;0;0;0;0;0;0;0;0;0;0;0;0;-23.577215;-46.657001;RUA   MANUEL DA NOBREGA, 1080;MapInfo CET;FALSE
D051700258;6057;;83;;5/13/2017 11:20;2;62;1623;1;0;28;6057;;CO;1;0;0;0;1;0;0;0;0;0;0;0;0;0;0;0;0;-23.489179;-46.477341;RUA   DOMINGOS SCARPEL, 83;MapInfo CET;FALSE
D091703922;18594;;3610;;9/4/2017 11:20;2;74;3883;1;0;42;18594;;CF;1;0;0;0;1;0;0;0;0;0;0;0;0;0;0;0;0;-23.444625;-46.735676;ESTRADA   TAIPAS, 3610;MapInfo CET;FALSE
D071701102;22555;;300;;7/25/2017 11:30;2;32;2455;0;1;5;22555;;CL;0;0;1;0;1;0;0;0;0;0;0;0;0;0;0;0;0;-23.542132;-46.479633;AVENIDA   JOSE PINHEIRO BORGES, 300;MapInfo CET;FALSE
D111702565;3509;;67;;11/30/2017 11:30;2;101;11261;0;1;23;3509;;QB;0;0;0;1;1;0;0;0;0;0;0;0;0;0;0;0;0;-23.733263;-46.697977;AVENIDA DONA  BELMIRA MARIN, 67;MapInfo CET;FALSE
D081702041;14305;;601;;8/22/2017 11:35;2;47;8078;2;0;19;14305;;CO;1;0;0;0;1;0;0;0;0;0;0;0;0;0;0;0;0;-23.678721;-46.789445;RUA   LUIS DE OLIVEIRA, 601;MapInfo CET;FALSE
D101703260;5245;;222;;10/28/2017 11:41;2;4;9822;1;0;66;5245;;CO;0;0;1;0;1;0;0;0;0;0;0;0;0;0;0;0;0;-23.547689;-46.643762;RUA  DA CONSOLACAO, 222;MapInfo CET;FALSE
D021700361;10152;;874;;2/18/2017 11:45;4;103;1454;0;1;47;10152;;AT;0;0;0;0;1;0;0;0;0;0;0;0;0;0;0;0;0;-23.552278;-46.444802;AVENIDA PROF  JOAO BATISTA CONTI, 874;MapInfo CET;FALSE
D041700469;7552;;406;;4/12/2017 11:49;2;64;2247;1;0;37;7552;;CO;1;0;0;0;1;0;0;0;0;0;0;0;0;0;0;0;0;-23.528523;-46.454227;RUA   FRANCISCO RODRIGUESTRADA SECKLER, 406;MapInfo CET;FALSE
D101702842;15914;3535;0;;10/13/2017 11:50;2;16;10593;1;0;90;3535;15914;CV;0;0;1;0;1;0;0;0;0;0;0;0;0;0;0;0;0;-23.598388;-46.642714;RUA   PEDRO DE TOLEDO X RUA   BOTUCATU;MapInfo CET;TRUE
D061700224;1364;;85;;6/16/2017 12:00;2;9;2352;1;0;86;1364;;CL;1;0;0;0;1;0;0;0;0;0;0;0;0;0;0;0;0;-23.504;-46.597855;AVENIDA   ANGELINA, 85;MapInfo CET;FALSE
D091703801;59443;61460;0;;9/9/2017 12:00;2;42;5636;1;0;72;59443;61460;CO;1;0;0;0;1;0;0;0;0;0;0;0;0;0;0;0;0;-23.587747;-46.539598;RUA   PAULO BENDER X RUA   LICURGO DE CASTRO SANTOS;MapInfo CET;TRUE
D111703138;4508;12014;0;;11/11/2017 12:00;2;42;7526;1;0;93;4508;12014;CO;1;0;0;0;1;0;0;0;0;0;0;0;0;0;0;0;0;-23.602369;-46.55348;RUA   CARUSO X RUA S  LOURENCO;MapInfo CET;TRUE
D071701081;67611;;347;;7/5/2017 12:09;2;75;1658;1;0;65;67611;;CO;0;0;0;1;1;0;0;0;0;0;0;0;0;0;0;0;0;-23.581907;-46.789036;RUA   PEDRO ALEXANDRINO SOARES, 347;MapInfo CET;FALSE
D091702769;36318;;350;;9/12/2017 12:12;2;53;6076;1;0;57;36318;;CO;0;1;0;0;1;0;0;0;0;0;0;0;0;0;0;0;0;-23.56982;-46.46052;AVENIDA   OSVALDO PUCCI, 350;MapInfo CET;FALSE
D051701091;1454;;10;;5/11/2017 12:15;2;1;2296;1;0;78;1454;;CO;1;0;0;0;1;0;0;0;0;0;0;0;0;0;0;0;0;-23.552536;-46.632864;RUA   ANITA GARIBALDI, 10;MapInfo CET;FALSE
D091701997;5245;15468;0;;9/25/2017 12:20;2;4;4089;1;0;26;5245;15468;CO;1;0;0;0;1;0;0;0;0;0;0;0;0;0;0;0;0;-23.548529;-46.650523;RUA  DA CONSOLACAO X RUA MARQ DE PARANAGUA;MapInfo CET;TRUE
D121700725;15304;;543;;12/5/2017 12:20;2;18;1868;1;0;53;15304;;CV;2;0;0;0;1;0;0;0;0;0;0;0;0;0;0;0;0;-23.559667;-46.600044;AVENIDA   PAESTRADA DE BARROS, 543;MapInfo CET;FALSE
D061700997;15304;;187;;6/26/2017 12:30;2;18;952;1;0;53;15304;;QB;0;0;0;0;1;0;0;0;0;0;0;0;0;0;0;0;0;-23.558506;-46.600274;AVENIDA   PAESTRADA DE BARROS, 187;MapInfo CET;FALSE
D091701587;17135;;3439;;9/26/2017 12:30;2;69;8955;1;0;73;17135;;CO;0;0;0;0;1;0;0;0;0;0;0;1;0;0;0;0;0;-23.5808;-46.499521;AVENIDA   RIO DAS PEDRAS, 3439;MapInfo CET;FALSE
D091701767;66782;;212;;9/7/2017 12:30;2;53;6007;1;0;57;66782;;CO;0;0;0;0;1;0;0;0;0;0;0;0;0;0;0;1;0;-23.562835;-46.456144;ESTRADA   MORRO DOS OLHOS D'AGUA, 212;MapInfo CET;FALSE
D021700349;33015;;6975;;2/26/2017 12:34;2;25;1855;1;0;55;33015;;CO;1;0;0;0;1;0;0;0;0;0;0;0;0;0;0;0;0;-23.826063;-46.732138;AVENIDA   SADAMU INOUE, 6975;MapInfo CET;FALSE
D051701212;9518;;658;;5/4/2017 12:39;2;58;1035;1;0;85;9518;;CO;1;0;0;0;1;0;0;0;0;0;0;0;0;0;0;0;0;-23.570847;-46.535162;RUA   ITANHOMI, 658;MapInfo CET;FALSE
D061701182;39500;;100;;6/24/2017 12:42;2;98;4925;1;0;58;39500;;CO;1;0;0;0;1;0;0;0;0;0;0;0;0;0;0;0;0;-23.701023;-46.640219;RUA   FRANCISCO JOSE DA COSTA, 100;MapInfo CET;FALSE
D031700363;18151;;3060;;3/16/2017 12:45;2;20;2640;0;1;81;18151;;CH;0;0;0;0;1;0;0;0;0;0;0;0;0;0;0;0;0;-23.452361;-46.600825;AVENIDA CEL  SEZEFREDO FAGUNDES, 3060;MapInfo CET;FALSE
D041700248;10667;;1;;4/14/2017 12:50;2;1;2480;1;0;78;10667;;CO;1;0;0;0;1;0;0;0;0;0;0;0;0;0;0;0;0;-23.545529;-46.631981;RUA   JORGE AZEM, 1;MapInfo CET;FALSE
D011700545;7347;;834;;1/9/2017 12:54;2;38;121;1;0;51;7347;;CO;1;0;0;0;1;0;0;0;0;0;0;0;0;0;0;0;0;-23.476883;-46.645704;AVENIDA DR  FRANCISCO RANIERI, 834;MapInfo CET;FALSE
D031700064;15837;;47;;3/1/2017 12:58;2;45;556;1;0;29;15837;;CO;1;0;0;0;1;0;0;0;0;0;0;0;0;0;0;0;0;-23.468005;-46.698215;RUA   DOMINGOS VEGA, 47;MapInfo CET;FALSE
D081702028;36031;;1194;;8/6/2017 12:59;2;25;7346;1;0;55;36031;;CF;1;0;0;0;1;0;0;0;0;0;0;0;0;0;0;0;0;-23.831672;-46.72308;ESTRADA  DA COLONIA, 1194;MapInfo CET;FALSE
D111702953;7790;;267;;11/12/2017 13:00;2;8;7870;1;0;53;7790;;CO;1;0;0;0;1;0;0;0;0;0;0;0;0;0;0;0;0;-23.549905;-46.608915;RUA FREI  GASPAR, 267;MapInfo CET;FALSE
D071700996;3771;;4750;;7/12/2017 13:03;2;72;5493;1;0;13;3771;;QB;0;0;0;0;1;0;0;0;0;0;0;0;0;0;0;0;0;-23.469976;-46.670299;AVENIDA   INAJAR DE SOUZA, 4750;MapInfo CET;FALSE
D121701026;15507;;261;;12/13/2017 13:05;2;48;3973;0;1;23;15507;;CT;0;1;1;0;1;0;0;0;0;0;0;0;0;0;0;0;0;-23.703847;-46.70094;AVENIDA SEN  TEOTONIO VILELA, 261;MapInfo CET;FALSE
D011700411;12487;;756;;1/30/2017 13:10;2;18;104;2;0;53;12487;;CO;0;1;0;0;1;0;0;0;0;0;0;0;0;0;0;0;0;-23.563362;-46.596423;RUA MADRE DE DEUS, 756;MapInfo CET;FALSE
D031700025;4118;;1200;;3/17/2017 13:15;2;73;3192;1;0;92;4118;;CO;1;0;0;0;1;0;0;0;0;0;0;0;0;0;0;0;0;-23.479788;-46.568192;RUA   BASILIO ALVESTRADA MORANGO, 1200;MapInfo CET;FALSE
D121702110;5136;;720;;12/19/2017 13:15;2;22;4234;1;0;84;5136;;CH;0;0;0;0;1;0;0;0;0;0;0;0;0;0;0;0;0;-23.498956;-46.423233;AVENIDA   COCA, 720;MapInfo CET;FALSE
D021700136;75048;;103;;2/9/2017 13:20;2;59;461;1;0;44;75048;;CO;0;1;0;0;1;0;0;0;0;0;0;0;0;0;0;0;0;-23.484691;-46.414518;RUA   ESPIGA DE OURO, 103;MapInfo CET;FALSE
D031700451;14743;;1330;;3/24/2017 13:26;2;99;846;1;0;16;14743;;CO;0;0;1;0;1;0;0;0;0;0;0;1;0;0;0;0;0;-23.667139;-46.690468;AVENIDA NSRA DO SABARA, 1330;MapInfo CET;FALSE
D021700631;3376;;2185;;2/20/2017 13:30;2;93;815;1;0;41;13014;;CO;0;0;0;0;1;0;0;0;0;0;0;1;0;0;0;0;0;-23.546167;-46.734778;AVENIDA ENG  BILLINGS, 2185;MapInfo CET;FALSE
D091701653;19691;;521;;9/1/2017 13:30;2;20;8373;1;0;81;19691;;CO;0;0;0;0;1;0;0;0;0;0;0;1;0;0;0;0;0;-23.451681;-46.61442;RUA   VIEIRA DE MELO, 521;MapInfo CET;FALSE
D101700837;18444;;1123;;10/17/2017 13:30;2;39;10897;1;0;92;18444;;CH;1;0;0;0;1;0;0;0;0;0;0;0;0;0;0;0;0;-23.480331;-46.574416;RUA TTE  SOTOMANO, 1123;MapInfo CET;FALSE
D111702400;10393;;4600;;11/7/2017 13:30;2;68;4093;1;0;96;10393;;CO;0;0;0;0;1;0;0;0;1;0;0;0;0;0;0;0;0;-23.532297;-46.398113;ESTRADA DOM  JOAO NERY, 4600;MapInfo CET;FALSE
D031701030;4120;;617;;3/22/2017 13:31;4;4;1318;1;0;7;4120;;AT;0;0;0;0;1;0;0;0;0;0;0;0;0;0;0;0;0;-23.554152;-46.652973;RUA FREI  CANECA, 617;MapInfo CET;FALSE
D111702238;5079;;1;;11/2/2017 13:33;2;57;6936;1;0;1;5079;;CF;1;0;0;0;1;0;0;0;0;0;0;0;0;0;0;0;0;-23.570663;-46.578994;RUA   CLEMENTE BONIFACIO, 1;MapInfo CET;FALSE
D021700875;2429;;1070;;2/10/2017 13:40;2;63;461;1;0;18;2429;;CO;1;0;0;0;1;0;0;0;0;0;0;0;0;0;0;0;0;-23.50719;-46.541327;RUA DR  ASSIS RIBEIRO, 1070;MapInfo CET;FALSE
D041700840;12611;;2975;;4/11/2017 13:41;2;17;1256;1;0;34;12611;;CO;0;0;0;0;1;0;0;0;0;0;0;1;0;0;0;0;0;-23.599835;-46.598767;RUA   MANIFESTO, 2975;MapInfo CET;FALSE
D121700244;10101;15323;0;;12/7/2017 13:41;4;3;6383;1;0;66;10101;15323;AT;0;0;0;0;1;0;0;0;0;0;0;0;0;0;0;0;0;-23.543688;-46.637943;AVENIDA S  JOAO X LARGO  DO PAICANDU;MapInfo CET;TRUE
D081701077;11426;;1233;;8/22/2017 13:50;2;27;7221;1;0;32;11426;;CF;0;0;0;0;1;0;0;0;0;0;0;1;0;0;0;0;0;-23.60883;-46.663922;ALAMEDA  DOS JURUPIS, 1233;MapInfo CET;FALSE
D031701016;9170;;1206;;3/8/2017 14:00;2;38;1100;1;0;51;9170;;CO;1;0;0;0;1;0;0;0;0;0;0;0;0;0;0;0;0;-23.469227;-46.630589;AVENIDA STA  INES, 1206;MapInfo CET;FALSE
D071700202;74759;;258;;7/5/2017 14:00;2;72;5158;1;0;11;74759;;CO;1;0;0;0;1;0;0;0;0;0;0;0;0;0;0;0;0;-23.452153;-46.685307;RUA   RENDEIRA, 258;MapInfo CET;FALSE
D091702641;16919;;1476;;9/21/2017 14:00;2;14;8302;0;1;62;16919;;CO;1;0;0;0;1;0;0;0;0;0;0;0;0;0;0;0;0;-23.565344;-46.680073;AVENIDA   REBOUCAS, 1476;MapInfo CET;FALSE
D081700756;71804;;100;;8/5/2017 14:10;2;89;6040;1;0;83;71804;;CV;1;0;0;0;1;0;0;0;0;0;0;0;0;0;0;0;0;-23.622123;-46.726272;RUA DEP  LAERCIO CORTE, 100;MapInfo CET;FALSE
D031700349;50470;;0;PX R Cembira;3/23/2017 14:15;2;22;1027;1;0;84;50470;;CO;1;0;0;0;1;0;0;0;0;0;0;0;0;0;0;0;0;-23.509512;-46.432255;AVENIDA DEP  JOSE ARISTODEMO PINOTTI, 0;MapInfo CET;FALSE
D041700709;9159;2394;0;;4/30/2017 14:15;2;36;3684;1;0;32;2394;9159;CO;1;0;0;0;1;0;0;0;0;0;0;0;0;0;0;0;0;-23.602125;-46.656191;AVENIDA   INDIANOPOLIS X AVENIDA PROF  ASCENDINO REIS;MapInfo CET;TRUE
D071700139;18535;;254;;7/5/2017 14:15;2;56;4228;1;0;72;18535;;CL;1;0;0;0;1;0;0;0;0;0;0;0;0;0;0;0;0;-23.590225;-46.560941;RUA   SUSANA, 254;MapInfo CET;FALSE
D031700574;10785;;2431;;3/4/2017 14:30;2;22;1893;0;1;44;10785;;CO;1;0;0;0;1;0;0;0;0;0;0;0;0;0;0;0;0;-23.47671;-46.427565;AVENIDA DR  JOSE ARTUR NOVA, 2431;MapInfo CET;FALSE
D051700896;9152;;200;;5/25/2017 14:30;2;6;778;1;0;58;9152;;QB;0;0;0;0;1;0;0;0;0;0;0;0;0;0;0;0;0;-23.714422;-46.651076;RUA   INDEPENDENCIA, 200;MapInfo CET;FALSE
D111702679;72027;70759;0;;11/30/2017 14:36;2;70;4100;1;0;76;70759;72027;CO;1;0;0;0;1;0;0;0;0;0;0;0;0;0;0;0;0;-23.610685;-46.523373;RUA   ANTONIO RIBEIRO BAIAO X RUA   JOSE DOMINGUESTRADA DE PONTES;MapInfo CET;TRUE
D111702930;11922;;60;;11/11/2017 14:37;2;6;7846;1;0;14;11922;;CT;0;0;1;0;1;0;0;0;0;0;0;0;0;0;0;0;0;-23.563686;-46.620887;AVENIDA   LINS DE VASCONCELOS, 60;MapInfo CET;FALSE
D021700174;3429;;100;;2/16/2017 14:40;2;87;563;1;0;63;3429;;CO;0;0;1;0;1;0;0;0;0;0;0;0;0;0;0;0;0;-23.487549;-46.720491;RUA   GUERINO GIOVANI LEARDINI, 100;MapInfo CET;FALSE
D121700135;1267;15141;0;;12/2/2017 14:43;2;3;8228;1;0;66;1267;15141;CO;1;0;0;0;1;0;0;0;0;0;0;0;0;0;0;0;0;-23.536108;-46.639729;RUA  DOS ANDRADAS X RUA GALAMEDA  OSORIO;MapInfo CET;TRUE
D031700733;7664;;688;;3/2/2017 14:45;2;1;1270;1;0;49;7664;;CO;1;0;0;0;1;0;0;0;0;0;0;0;0;0;0;0;0;-23.559206;-46.633296;RUA CONS  FURTADO, 688;MapInfo CET;FALSE
D051700741;6334;;641;;5/31/2017 14:45;2;47;5298;1;0;19;6334;;CV;0;0;0;0;1;0;0;0;0;0;0;0;0;0;0;1;0;-23.665843;-46.77097;AVENIDA   ELLIS MAAS, 641;MapInfo CET;FALSE
D041700373;46318;;91;;4/17/2017 14:53;2;90;1244;1;0;89;46318;;CF;0;0;0;0;1;0;0;0;0;0;0;0;0;0;0;1;0;-23.507955;-46.558856;AVENIDA EDUC  PAULO FREIRE, 91;MapInfo CET;FALSE
D021700989;12307;;500;;2/8/2017 14:56;2;73;1359;1;0;39;12307;;CO;0;0;0;0;1;0;0;0;0;0;0;1;0;0;0;0;0;-23.468894;-46.580116;AVENIDA   LUIS STAMATIS, 500;MapInfo CET;FALSE
D091701031;17657;;286;;9/15/2017 14:57;2;22;3149;1;0;74;17657;;CV;0;1;0;0;1;0;0;0;0;0;0;0;0;0;0;0;0;-23.491034;-46.441807;RUA   SALVADOR DE MEDEIROS, 286;MapInfo CET;FALSE
D011700315;5947;;250;;1/6/2017 15:00;2;28;103;1;0;29;5947;;CO;1;0;0;0;1;0;0;0;0;0;0;0;0;0;0;0;0;-23.504686;-46.705584;AVENIDA GALAMEDA  EDGAR FACO, 250;MapInfo CET;FALSE
D041700914;18429;2271;0;;4/17/2017 15:00;2;4;1526;1;0;26;2271;18429;CV;1;0;0;0;1;0;0;0;0;0;0;0;0;0;0;0;0;-23.5558;-46.666671;RUA PROF  ERNEST MARCUS X AVENIDA DR  ARNALDO;MapInfo CET;TRUE
D061700211;17083;;200;;6/29/2017 15:00;2;6;2442;1;0;34;17083;;CO;1;0;0;0;1;0;0;0;0;0;0;0;0;0;0;0;0;-23.579758;-46.612806;AVENIDA DR  RICARDO JAFET, 200;MapInfo CET;FALSE
D071700597;36284;4687;0;;7/10/2017 15:00;2;28;2656;1;0;29;4687;36284;CO;1;0;0;0;1;0;0;0;0;0;0;0;0;0;0;0;0;-23.496834;-46.704116;AVENIDA MIN  PETRONIO PORTELA X RUA   CECILIA DA SILVA;MapInfo CET;TRUE
D071700958;13014;;0;ARRUDA BOTELHO,;7/9/2017 15:00;2;14;2091;1;0;54;13014;;CO;1;0;0;0;1;0;0;0;0;0;0;0;0;0;0;0;0;-23.61805;-46.701887;AVENIDA   MARGINALAMEDA DO RIO PINHEIROS (SYL, 0;MapInfo CET;FALSE
D081701306;8253;;500;;8/9/2017 15:00;2;73;8259;1;0;39;8253;;CO;1;0;0;0;1;0;0;0;0;0;0;0;0;0;0;0;0;-23.460492;-46.585507;AVENIDA   PAULO LINCOLN DO VALLE PONTIN, 500;MapInfo CET;FALSE
D081702307;38439;42140;0;;8/28/2017 15:00;2;25;3065;1;0;55;38439;42140;CO;0;1;0;0;1;0;0;0;0;0;0;0;0;0;0;0;0;-23.827914;-46.73717;RUA   TRESTRADA (PARELHEIROS) X RUA   CONSTANTINO B. DI BARTOLOMEO;MapInfo CET;TRUE
D091700798;3196;;510;;9/20/2017 15:00;4;51;3096;2;0;12;3196;;AT;0;0;0;0;1;0;0;0;0;0;0;0;0;0;0;0;0;-23.575282;-46.725873;AVENIDA   BENJAMIM MANSUR, 510;MapInfo CET;FALSE
D051700116;10140;1551;0;;5/7/2017 15:02;2;72;3486;1;0;11;1551;10140;CV;1;0;0;0;1;0;0;0;0;0;0;0;0;0;0;0;0;-23.465858;-46.672173;RUA   DOMINGOS IUSPA X RUA   AMARE;MapInfo CET;TRUE
D081700522;1930;13008;0;;8/28/2017 15:10;2;19;2820;1;0;89;1930;13008;CO;1;0;0;0;1;0;0;0;0;0;0;0;0;0;0;0;0;-23.511907;-46.594851;AVENIDA   NADIR DIAS DE FIGUEIREDO X RUA   MAGARINOS TORRES;MapInfo CET;TRUE
D121701299;16321;8656;0;;12/3/2017 15:15;2;77;8249;1;0;69;8656;16321;CO;1;0;0;0;1;0;0;0;0;0;0;0;0;0;0;0;0;-23.534047;-46.642879;ALAMEDA BR DE PIRACICABA X RUA   HELVETIA;MapInfo CET;TRUE
D011700120;43816;;55;;1/21/2017 15:19;2;85;645;1;0;30;43816;;CO;1;0;0;0;1;0;0;0;0;0;0;0;0;0;0;0;0;-23.760173;-46.677588;AVENIDA   TERESA FARIAS ISASSI, 55;MapInfo CET;FALSE
D051700640;1003;9763;0;;5/18/2017 15:20;2;5;1941;1;0;49;1003;9763;CT;1;0;0;0;1;0;0;0;0;0;0;0;0;0;0;0;0;-23.556566;-46.636779;RUA   SANTO AMARO X RUA   JACEGUAI;MapInfo CET;TRUE
D051701028;605;;0;NC;5/27/2017 15:20;2;22;1817;1;0;74;605;;CT;0;0;1;0;1;0;0;0;0;0;0;0;0;0;0;0;0;-23.492009;-46.445154;PRACA PDE  ALEIXO MONTEIRO MAFRA, 0;MapInfo CET;FALSE
D081701074;44958;;50;;8/23/2017 15:20;2;47;8131;1;0;19;44958;;QB;0;0;0;0;1;0;0;0;0;0;0;0;0;0;0;0;0;-23.662436;-46.779831;RUA   MODELAR, 50;MapInfo CET;FALSE
D121701598;98750;;0;NC;12/17/2017 15:21;2;77;8574;0;1;SI;98750;;QB;0;0;0;0;1;0;0;0;0;0;0;0;0;0;0;0;0;0;0;SI   SEM INFORMACAO DE ENDERECO, 0;MapInfo CET;FALSE
D111700665;2429;24497;0;;11/21/2017 15:23;2;62;3757;1;0;28;2429;24497;CO;0;0;0;1;1;0;0;0;0;0;0;0;0;0;0;0;0;-23.483659;-46.495138;RUA DR  ASSIS RIBEIRO X RUA   CISPER;MapInfo CET;TRUE
D071700437;6475;;555;;7/17/2017 15:26;2;39;2451;1;0;92;6475;;CO;1;0;0;0;1;0;0;0;0;0;0;0;0;0;0;0;0;-23.494599;-46.594517;RUA   ALDEIA VINTE DE SETEMBRO, 555;MapInfo CET;FALSE
D071701010;14700;;2999;;7/12/2017 15:27;2;51;2297;1;0;67;14700;;CO;1;0;0;0;1;0;0;0;0;0;0;0;0;0;0;0;0;-23.563924;-46.752889;AVENIDA   ESCOLA POLITECNICA, 2999;MapInfo CET;FALSE
D011700298;15141;;726;;1/27/2017 15:30;2;3;578;1;0;66;15141;;CO;1;0;0;0;1;0;0;0;0;0;0;0;0;0;0;0;0;-23.539305;-46.644285;RUA GALAMEDA  OSORIO, 726;MapInfo CET;FALSE
D091702038;78574;;575;;9/6/2017 15:30;2;62;7263;1;0;28;78574;;CO;1;0;0;0;1;0;0;0;0;0;0;0;0;0;0;0;0;-23.495509;-46.494009;RUA   PEDRA LAVRADA, 575;MapInfo CET;FALSE
D121702570;6939;;696;;12/29/2017 15:30;2;87;4327;1;0;63;6939;;CO;0;1;0;0;1;0;0;0;0;0;0;0;0;0;0;0;0;-23.476915;-46.721725;RUA COMEN  FEIZ ZARZUR, 696;MapInfo CET;FALSE
D081701579;1967;;131;;8/9/2017 15:32;4;30;2737;1;0;80;1967;;AT;0;0;0;0;1;0;0;0;0;0;0;0;0;0;0;0;0;-23.539271;-46.565002;RUA   APUCARANA, 131;MapInfo CET;FALSE
D121701720;7927;;380;;12/20/2017 15:34;2;23;6714;1;0;6;7927;;CO;1;0;0;0;1;0;0;0;0;0;0;0;0;0;0;0;0;-23.529794;-46.67234;RUA DONA  GERMAINE BURCHARD, 380;MapInfo CET;FALSE
D081702244;7347;;597;;8/22/2017 15:37;2;20;3535;1;0;51;7347;;CL;1;0;0;0;1;0;0;0;0;0;0;0;0;0;0;0;0;-23.477535;-46.645757;AVENIDA DR  FRANCISCO RANIERI, 597;MapInfo CET;FALSE
D121702136;11022;;495;;12/16/2017 15:37;2;51;4282;1;0;67;11022;;CO;0;0;0;0;1;0;0;0;0;0;0;1;0;0;0;0;0;-23.574198;-46.751864;AVENIDA   JOSE JOAQUIM SEABRA, 495;MapInfo CET;FALSE
D041701074;19597;;356;;4/22/2017 15:40;2;101;3773;1;0;23;19597;;CO;1;0;0;0;1;0;0;0;0;0;0;0;0;0;0;0;0;-23.733206;-46.701804;RUA   ALTINO MARTINS DA VITORIA, 356;MapInfo CET;FALSE
D091702907;4775;;1185;;9/30/2017 15:44;2;19;9230;1;0;89;4775;;CO;0;0;0;0;1;0;0;0;0;0;0;0;0;0;0;1;0;-23.507786;-46.578439;AVENIDA  DAS CEREJEIRAS, 1185;MapInfo CET;FALSE
D061700150;10945;;2002;;6/24/2017 15:45;2;38;5987;1;0;81;10945;;CL;0;0;0;0;1;0;0;0;0;0;0;1;0;0;0;0;0;-23.441699;-46.615977;AVENIDA SEN  JOSE ERMIRIO DE MORAES, 2002;MapInfo CET;FALSE
D091701682;34652;;197;;9/14/2017 15:45;2;65;3819;1;0;5;34652;;CO;0;0;0;0;1;0;0;0;0;0;0;0;0;0;0;1;0;-23.553168;-46.487998;AVENIDA   SILVIO TORRES, 197;MapInfo CET;FALSE
D081701749;16699;14167;0;;8/15/2017 15:47;2;40;2965;1;0;50;14167;16699;CO;1;0;0;0;1;0;0;0;0;0;0;0;0;0;0;0;0;-23.492718;-46.672417;RUA   QUARTIM BARBOSA X AVENIDA   MONTE CELESTE;MapInfo CET;TRUE
D061701013;68208;19773;0;;6/19/2017 15:52;2;59;1596;1;0;44;19773;68208;CO;0;0;1;0;1;0;0;0;0;0;0;0;0;0;0;0;0;-23.480541;-46.419804;RUA   TUJUMIRIM X RUA   BOICUAIBA;MapInfo CET;TRUE
D061700784;18197;;200;;6/16/2017 15:55;2;12;4038;2;0;10;18197;;CO;1;0;0;0;1;0;0;0;0;0;0;0;0;0;0;0;0;-23.534547;-46.615057;RUA   SILVA TELES, 200;MapInfo CET;FALSE
D051700336;4828;9969;0;;5/29/2017 15:56;2;77;2174;1;0;66;4828;9969;CO;1;0;0;0;1;0;0;0;0;0;0;0;0;0;0;0;0;-23.544764;-46.645521;RUA DR  CESARIO MOTA JUNIOR X RUA GALAMEDA  JARDIM;MapInfo CET;TRUE
D031700654;15136;;120;;3/23/2017 15:58;2;90;957;2;0;92;15136;;SI;0;0;0;1;1;0;0;0;0;0;0;0;0;0;0;0;0;-23.499257;-46.568731;ALAMEDA PSARG  OSMAR CORTESTRADA CLARO, 120;MapInfo CET;FALSE
D021700926;4409;;310;;2/8/2017 16:00;2;22;468;1;0;74;4409;;SI;0;0;0;0;1;0;0;0;0;0;0;1;0;0;0;0;0;-23.50521;-46.436576;RUA   MOHAMAD IBRAHIN SALEH, 310;MapInfo CET;FALSE
D031700758;18519;;1500;;3/2/2017 16:00;2;23;1432;1;0;60;18519;;CO;1;0;0;0;1;0;0;0;0;0;0;0;0;0;0;0;0;-23.542447;-46.676972;AVENIDA   SUMARE, 1500;MapInfo CET;FALSE
D041700964;9529;;255;;4/17/2017 16:00;2;37;1864;1;0;46;9529;;QB;0;0;0;0;1;0;0;0;0;0;0;0;0;0;0;0;0;-23.64282;-46.739119;ESTRADA  DE ITAPECERICA, 255;MapInfo CET;FALSE
D101700784;17755;;940;;10/6/2017 16:00;2;16;9791;1;0;90;17755;;CO;2;0;0;0;1;0;0;0;0;0;0;0;0;0;0;0;0;-23.597542;-46.627702;RUA STA  CRUZ, 940;MapInfo CET;FALSE
D111701515;19271;;77;;11/8/2017 16:00;2;36;8903;1;0;90;19271;;CT;0;0;1;0;1;0;0;0;0;0;0;0;0;0;0;0;0;-23.572598;-46.65302;RUA   TUTOIA, 77;MapInfo CET;FALSE
D111702944;10785;;407;;11/29/2017 16:00;2;22;4083;1;0;74;10785;;CV;0;0;1;0;1;0;0;0;0;0;0;0;0;0;0;0;0;-23.490784;-46.437486;AVENIDA DR  JOSE ARTUR NOVA, 407;MapInfo CET;FALSE
D121700594;5735;;401;;12/4/2017 16:00;2;34;3806;1;0;54;5735;;CL;1;0;0;0;1;0;0;0;0;0;0;0;0;0;0;0;0;-23.587098;-46.693203;PRACA DEP  DARIO DE BARROS, 401;MapInfo CET;FALSE
D121702633;60544;;0;NC;12/3/2017 16:00;2;100;12487;2;0;43;60544;;CF;0;1;0;0;1;0;0;0;0;0;0;0;0;0;0;0;0;-23.698002;-46.785353;RUA   JOSE ALVESTRADA DA SILVA, 0;MapInfo CET;FALSE
D051700505;1584;;300;;5/17/2017 16:05;2;15;1960;1;0;45;1584;;CO;1;0;0;0;1;0;0;0;0;0;0;0;0;0;0;0;0;-23.578778;-46.665965;RUA   ANTONIO BENTO, 300;MapInfo CET;FALSE
D011700727;39132;;200;;1/15/2017 16:10;2;15;245;1;0;35;39132;;CO;1;0;0;0;1;0;0;0;0;0;0;0;0;0;0;0;0;-23.59026;-46.674262;RUA DR  ALCEU DE CAMPOS RODRIGUES, 200;MapInfo CET;FALSE
D031701119;14213;;167;;3/29/2017 16:13;2;8;2098;1;0;10;14213;;CO;1;0;0;0;1;0;0;0;0;0;0;0;0;0;0;0;0;-23.553012;-46.62368;RUA  DA MOOCA, 167;MapInfo CET;FALSE
D021700253;13881;4858;0;;2/26/2017 16:15;2;62;1693;1;0;64;4858;13881;CO;1;0;0;0;1;0;0;0;0;0;0;0;0;0;0;0;0;-23.507443;-46.484947;AVENIDA S  MIGUEL X RUA   CHAPADA;MapInfo CET;TRUE
D101703010;449;;200;;10/28/2017 16:20;2;35;10467;1;0;38;449;;CO;1;0;0;0;1;0;0;0;0;0;0;0;0;0;0;0;0;-23.640956;-46.653843;RUA   ALBA, 200;MapInfo CET;FALSE
D011700816;8312;;56;;1/20/2017 16:22;2;21;181;0;1;91;8312;;QB;0;0;0;0;1;0;0;0;0;0;0;0;0;0;0;0;0;-23.533384;-46.539302;RUA   GUAPERUVU, 56;MapInfo CET;FALSE
D031700854;1169;;170;;3/20/2017 16:25;2;90;911;1;0;92;1169;;CO;0;1;0;0;1;0;0;0;0;0;0;0;0;0;0;0;0;-23.492367;-46.575384;RUA   ANA DE LOURDES, 170;MapInfo CET;FALSE
D051700635;16838;;3736;;5/16/2017 16:28;2;87;1554;1;0;63;16838;;QB;0;0;0;0;1;0;0;0;0;0;0;0;0;0;0;0;0;-23.494749;-46.730545;AVENIDA   RAIMUNDO PEREIRA DE MAGAL., 3736;MapInfo CET;FALSE
D011700268;3515;;450;;1/8/2017 16:30;2;39;297;2;0;92;3515;;CO;1;0;0;0;1;0;0;0;0;0;0;0;0;0;0;0;0;-23.488822;-46.591342;AVENIDA   BOSCHETTI, 450;MapInfo CET;FALSE
D021700148;6775;;359;;2/9/2017 16:30;2;15;1166;1;0;62;6775;;CO;1;0;0;0;1;0;0;0;0;0;0;0;0;0;0;0;0;-23.565783;-46.678974;RUA CON  EUGENIO LEITE, 359;MapInfo CET;FALSE
D021700591;2878;;672;;2/3/2017 16:30;2;41;513;1;0;85;2878;;CO;1;0;0;0;1;0;0;0;0;0;0;0;0;0;0;0;0;-23.584218;-46.528279;AVENIDA  DA BARREIRA GRANDE, 672;MapInfo CET;FALSE
D021700970;9477;;1665;;2/21/2017 16:30;2;50;1754;1;0;36;9477;;CO;1;0;0;0;1;0;0;0;0;0;0;0;0;0;0;0;0;-23.514477;-46.380866;RUA   ITAJUIBE, 1665;MapInfo CET;FALSE
D041701085;5567;;1800;;4/22/2017 16:30;2;9;1800;1;0;70;5567;;QB;0;0;0;0;1;0;0;0;0;0;0;0;0;0;0;0;0;-23.513051;-46.624489;AVENIDA   CRUZEIRO DO SUL, 1800;MapInfo CET;FALSE
D081701478;9529;;6800;;8/2/2017 16:30;2;47;7791;1;0;19;9529;;CT;1;0;0;1;1;0;0;0;0;0;0;0;0;0;0;0;0;-23.671827;-46.787258;ESTRADA  DE ITAPECERICA, 6800;MapInfo CET;FALSE
D091704056;8730;;131;;9/4/2017 16:30;2;4;4199;1;0;7;8730;;QB;0;0;0;0;1;0;0;0;0;0;0;0;0;0;0;0;0;-23.555614;-46.653971;RUA   HERCULANO DE FREITAS, 131;MapInfo CET;FALSE
D101700883;12716;13133;0;;10/5/2017 16:30;2;20;9361;1;0;81;12716;13133;CV;0;0;0;0;1;0;0;0;0;0;0;1;0;0;0;0;0;-23.458619;-46.607707;RUA   MANUEL GAYA X RUA   MARIA AMALIA LOPESTRADA AZEVEDO;MapInfo CET;TRUE
D121700044;9607;;0;NC;12/17/2017 16:30;2;53;4231;1;0;37;9607;;CV;0;0;0;0;1;0;0;0;0;0;0;0;0;0;0;1;0;-23.551926;-46.448462;RUA STO  ANTONIO DE ITABERAVA, 0;MapInfo CET;FALSE
D061700199;16838;;12100;;6/23/2017 16:34;2;74;4779;3;0;42;16838;;CO;0;1;0;0;1;0;0;0;0;0;0;0;0;0;0;0;0;-23.439646;-46.721219;AVENIDA   RAIMUNDO PEREIRA DE MAGAL., 12100;MapInfo CET;FALSE
D091700831;64683;;18;;9/9/2017 16:40;2;50;8288;1;0;36;64683;;CO;1;0;0;0;1;0;0;0;0;0;0;0;0;0;0;0;0;-23.498282;-46.374764;RUA   LAGOA DA CRUZ, 18;MapInfo CET;FALSE
D071700624;222;7600;0;;7/17/2017 16:49;2;11;8113;1;0;71;222;7600;CL;0;0;0;0;1;0;0;0;0;0;0;1;0;0;0;0;0;-23.641616;-46.698251;AVENIDA   ADOLFO PINHEIRO X RUA  DA FRATERNIDADE;MapInfo CET;TRUE
D011700286;2012;15435;0;;1/25/2017 16:50;2;50;816;0;1;36;2012;15435;QB;0;0;0;0;1;0;0;0;0;0;0;0;0;0;0;0;0;-23.495202;-46.400679;RUA   MATIAS JOAO DA COSTA X RUA   CURICHARAS;MapInfo CET;TRUE
D021700913;6248;;122;;2/11/2017 16:50;2;35;1512;1;0;22;6248;;CF;1;0;0;0;1;0;0;0;0;0;0;0;0;0;0;0;0;-23.66545;-46.656104;RUA   EDUARDO DE SA, 122;MapInfo CET;FALSE
D021700024;18940;;541;;2/21/2017 17:00;2;50;1750;2;0;36;18940;;CO;0;1;0;0;1;0;0;0;0;0;0;0;0;0;0;0;0;-23.5034;-46.397104;RUA   TIBURCIO DE SOUSA, 541;MapInfo CET;FALSE
D021700215;5934;;454;;2/14/2017 17:00;2;6;580;1;0;90;5934;;CO;1;0;0;0;1;0;0;0;0;0;0;0;0;0;0;0;0;-23.589469;-46.624198;RUA   DIONISIO DA COSTA, 454;MapInfo CET;FALSE
D031700414;4135;;430;;3/13/2017 17:00;2;12;1095;1;0;56;4135;;CO;1;0;0;0;1;0;0;0;0;0;0;0;0;0;0;0;0;-23.530959;-46.622761;RUA   CANINDE, 430;MapInfo CET;FALSE
D031700645;19295;;148;;3/30/2017 17:00;2;96;2818;1;0;35;19295;;CO;0;0;0;0;2;0;0;0;0;0;0;0;0;0;0;0;0;-23.598037;-46.678392;AVENIDA   HELIO PELEGRINO, 148;MapInfo CET;FALSE
D031700822;7658;;593;;3/4/2017 17:00;2;96;1315;1;0;35;7658;;CO;0;0;1;0;1;0;0;0;0;0;0;0;0;0;0;0;0;-23.595383;-46.690292;RUA   FUNCHAL, 593;MapInfo CET;FALSE
D051701083;16053;;1160;;5/22/2017 17:00;2;92;4974;0;1;46;16053;;CL;0;0;1;0;1;0;0;0;0;0;0;0;0;0;0;0;0;-23.667239;-46.737955;RUA   JOSE BARROS MAGALDI, 1160;MapInfo CET;FALSE
D101701029;15270;;1600;;10/4/2017 17:00;4;23;9344;2;0;26;15270;;AT;0;0;0;0;1;0;0;0;0;0;0;0;0;0;0;0;0;-23.540532;-46.664315;AVENIDA   PACAEMBU, 1600;MapInfo CET;FALSE
D081700250;36068;;220;;8/15/2017 17:11;2;49;7903;1;0;73;36068;;CV;1;0;0;0;1;0;0;0;0;0;0;0;0;0;0;0;0;-23.598369;-46.462631;RUA   MARIA APARECIDA CUSTODIO, 220;MapInfo CET;FALSE
D021700827;6897;4933;0;;2/9/2017 17:15;2;14;1169;1;0;35;4933;6897;CO;1;1;0;0;1;0;0;0;0;0;0;0;0;0;0;0;0;-23.581275;-46.68427;AVENIDA BRIG  FARIA LIMA X AVENIDA   CIDADE JARDIM;MapInfo CET;TRUE
D071700925;73416;;300;;7/5/2017 17:15;2;24;5501;1;0;18;73416;;CL;0;0;0;0;1;0;0;0;0;0;0;1;0;0;0;0;0;-23.495756;-46.498963;RUA   ERVALAMEDA SECO, 300;MapInfo CET;FALSE
D121700444;16337;;3980;;12/11/2017 17:15;2;34;3803;1;0;94;16337;;CV;1;0;0;0;1;0;0;0;0;0;0;0;0;0;0;0;0;-23.59423;-46.7433;AVENIDA   ELISEU DE ALMEIDA, 3980;MapInfo CET;FALSE
D091702959;8000;;5400;;9/21/2017 17:17;2;89;7281;1;0;83;8000;;CV;1;0;0;0;1;0;0;0;0;0;0;0;0;0;0;0;0;-23.627115;-46.735495;AVENIDA   GIOVANNI GRONCHI, 5400;MapInfo CET;FALSE
D081700638;38221;;311;;8/5/2017 17:20;2;85;7324;1;0;30;38221;;CO;1;0;0;0;1;0;0;0;0;0;0;0;0;0;0;0;0;-23.770309;-46.687805;RUA   AGENOR KLAUSSNER, 311;MapInfo CET;FALSE
D121700796;5245;;881;;12/14/2017 17:20;2;4;5818;1;0;26;5245;;CO;1;0;0;0;1;0;0;0;0;0;0;0;0;0;0;0;0;-23.548301;-46.649798;RUA  DA CONSOLACAO, 881;MapInfo CET;FALSE
D021700069;3813;;6741;;2/5/2017 17:21;2;20;1217;1;0;51;3813;;CO;1;0;0;0;1;0;0;0;0;0;0;0;0;0;0;0;0;-23.476529;-46.627708;AVENIDA ENG  CAETANO ALVARES, 6741;MapInfo CET;FALSE
D061701134;12249;44645;0;;6/19/2017 17:26;2;38;2618;1;0;51;12249;44645;CO;1;0;0;0;1;0;0;0;0;0;0;0;0;0;0;0;0;-23.485667;-46.651617;RUA   VICENTE MELRO X AVENIDA   DIREITOS HUMANOS;MapInfo CET;TRUE
D021700105;36061;;390;;2/25/2017 17:30;2;9;847;1;0;86;36061;;CO;1;0;0;0;1;0;0;0;0;0;0;0;0;0;0;0;0;-23.499175;-46.613302;AVENIDA   LUIZ DUMONT VILLARES, 390;MapInfo CET;FALSE
D051700588;17000;2301;0;;5/17/2017 17:30;2;3;2688;1;0;66;2301;17000;QB;0;0;0;0;1;0;0;0;0;0;0;0;0;0;0;0;0;-23.54264;-46.644445;PRACA  DA REPUBLICA X RUA  DO AROUCHE;MapInfo CET;TRUE
D071700943;9198;;1100;;7/8/2017 17:30;2;18;1099;1;0;53;9198;;CH;0;0;0;0;1;0;0;0;0;0;0;0;0;0;0;0;0;-23.56108;-46.593823;RUA VISC DE INHOMERIM, 1100;MapInfo CET;FALSE
D081702342;10036;25023;0;;8/8/2017 17:30;2;85;7449;1;0;30;10036;99639;CV;1;0;0;0;1;0;0;0;0;0;0;0;0;0;0;0;0;-23.731584;-46.688201;RUA   JEQUIRITUBA X RUA   CECILIA MELO VASCONCELOS;MapInfo CET;TRUE
D091702858;15425;;4595;;9/29/2017 17:30;2;74;7456;1;0;11;15425;;CO;1;0;0;0;1;0;0;0;0;0;0;0;0;0;0;0;0;-23.449798;-46.70071;AVENIDA DEP  CANTIDIO SAMPAIO, 4595;MapInfo CET;FALSE
D091703665;222;;674;;9/7/2017 17:30;2;11;11294;1;0;71;222;;CO;0;1;0;0;1;0;0;0;0;0;0;0;0;0;0;0;0;-23.647451;-46.702262;AVENIDA   ADOLFO PINHEIRO, 674;MapInfo CET;FALSE
D111700061;10485;;850;;11/8/2017 17:30;2;12;4881;1;0;10;10485;;CL;0;1;0;0;1;0;0;0;0;0;0;0;0;0;0;0;0;-23.534499;-46.624379;RUA   JOAO TEODORO, 850;MapInfo CET;FALSE
D121700143;14270;;5840;;12/16/2017 17:30;2;90;3646;1;0;89;29772;;CO;1;0;0;0;1;0;0;0;0;0;0;0;0;0;0;0;0;-23.525658;-46.570518;AVENIDA   MORVAN DIAS DE FIGUEIREDO, 5840;MapInfo CET;FALSE
D071700004;18408;;2619;;7/4/2017 17:37;2;42;1722;1;0;72;18408;;CO;1;0;0;0;1;0;0;0;0;0;0;0;0;0;0;0;0;-23.587133;-46.53372;RUA   SOLIDONIO LEITE, 2619;MapInfo CET;FALSE
D111702368;15507;;3161;;11/14/2017 17:39;2;101;10772;0;1;23;15507;;QB;0;0;1;0;1;0;0;0;0;0;0;0;0;0;0;0;0;-23.729685;-46.698632;AVENIDA SEN  TEOTONIO VILELA, 3161;MapInfo CET;FALSE
D051700471;72910;;283;;5/7/2017 17:40;2;62;3727;1;0;28;72910;;CL;1;0;0;0;1;0;0;0;0;0;0;0;0;0;0;0;0;-23.500684;-46.473418;RUA   ANTONIO CARLOS LAMEGO, 283;MapInfo CET;FALSE
D051700591;22555;;800;;5/11/2017 17:40;2;68;1817;1;0;5;22555;;CL;0;0;1;0;1;0;0;0;0;0;0;0;0;0;0;0;0;-23.541519;-46.475028;AVENIDA   JOSE PINHEIRO BORGES, 800;MapInfo CET;FALSE
D061700895;7835;;341;;6/11/2017 17:40;2;91;3131;1;0;62;7835;;CO;0;0;0;0;1;0;0;0;0;0;0;1;0;0;0;0;0;-23.570966;-46.683641;PRACA   GASTAO VIDIGAL, 341;MapInfo CET;FALSE
D091702901;9006;;550;;9/27/2017 17:43;2;73;10115;1;0;39;9006;;CO;1;0;0;0;1;0;0;0;0;0;0;0;0;0;0;0;0;-23.461526;-46.575623;RUA   IGARITE, 550;MapInfo CET;FALSE
D061700130;3813;;3450;;6/19/2017 17:45;2;13;5530;1;0;21;3813;;CL;0;0;0;0;1;0;0;0;0;0;0;0;0;0;0;1;0;-23.489071;-46.652936;AVENIDA ENG  CAETANO ALVARES, 3450;MapInfo CET;FALSE
D111702900;27613;;800;;11/23/2017 17:45;2;74;8895;1;0;11;27613;;CO;1;0;0;0;1;0;0;0;0;0;0;0;0;0;0;0;0;-23.448096;-46.700009;RUA   DANIEL CERRI, 800;MapInfo CET;FALSE
D081701554;6361;;4200;;8/26/2017 17:46;2;45;6495;0;1;29;6361;;QB;0;0;0;0;1;0;0;0;0;0;0;0;0;0;0;0;0;-23.466177;-46.711616;AVENIDA   ELISIO TEIXEIRA LEITE, 4200;MapInfo CET;FALSE
D081700659;10630;;1;;8/28/2017 17:48;4;36;2250;1;0;32;10630;;AT;0;0;0;0;1;0;0;0;0;0;0;0;0;0;0;0;0;-23.580429;-46.659736;AVENIDA   PEDRO ALVARESTRADA CABRAL, 1;MapInfo CET;FALSE
D041701076;16870;16358;0;;4/4/2017 17:50;2;12;2225;1;0;10;16358;16870;CV;1;0;0;0;1;0;0;0;0;0;0;0;0;0;0;0;0;-23.545565;-46.620844;AVENIDA   RANGEL PESTANA X RUA   PIRATININGA;MapInfo CET;TRUE
D011700767;45241;;868;;1/10/2017 18:00;2;73;372;1;0;81;45241;;CO;0;1;0;0;1;0;0;0;0;0;0;0;0;0;0;0;0;-23.450817;-46.585024;RUA  DOS FILHOS DA TERRA, 868;MapInfo CET;FALSE
D031700553;19264;;100;;3/8/2017 18:00;2;6;1597;1;0;49;19264;;CO;0;0;1;0;1;0;0;0;0;0;0;0;0;0;0;0;0;-23.570394;-46.63169;AVENIDA   TURMALINA, 100;MapInfo CET;FALSE
D061700001;11883;8023;0;;6/2/2017 18:00;2;77;3135;1;0;69;8023;11883;CO;0;0;0;0;1;0;0;0;0;0;0;1;0;0;0;0;0;-23.535199;-46.646984;ALAMEDA BR DE LIMEIRA X ALAMEDA   GLETE;MapInfo CET;TRUE
D101703152;6187;41868;0;;10/27/2017 18:00;2;65;8483;1;0;5;6187;41868;CL;1;0;0;0;1;0;0;0;0;0;0;0;0;0;0;0;0;-23.550881;-46.494922;AVENIDA PROF  EDGAR SANTOS X AVENIDA CD  LUIZ EDUARDO MATARAZZO;MapInfo CET;TRUE
D111700105;2429;;800;;11/6/2017 18:00;2;10;9144;1;0;18;2429;;CO;0;0;1;0;1;0;0;0;0;0;0;0;0;0;0;0;0;-23.508298;-46.54302;RUA DR  ASSIS RIBEIRO, 800;MapInfo CET;FALSE
D111702535;914;;59;;11/1/2017 18:08;2;87;7371;2;0;63;914;;CO;1;0;0;0;2;0;0;0;0;0;0;0;0;0;0;0;0;-23.489334;-46.717835;PRACA   ALVESTRADA BARBOSA, 59;MapInfo CET;FALSE
D101702934;29031;;5;;10/9/2017 18:10;2;28;4104;1;0;6;13605;;CO;0;1;0;0;1;0;0;0;0;0;0;0;0;0;0;0;0;-23.510231;-46.689919;PONTE   FREGUESIA DO O, 5;MapInfo CET;FALSE
D021700602;9512;5476;0;;2/13/2017 18:17;2;39;1569;1;0;92;5476;9512;CV;0;0;0;0;1;0;0;0;0;0;0;1;0;0;0;0;0;-23.486206;-46.573461;RUA   ITAMONTE X RUA   CRISCIUMA;MapInfo CET;TRUE
D031700551;14453;8536;0;;3/8/2017 18:30;2;3;1625;1;0;66;8536;14453;CO;1;0;0;0;1;0;0;0;0;0;0;0;0;0;0;0;0;-23.539274;-46.642742;RUA CONS  NEBIAS X RUA  DOS GUSMOES;MapInfo CET;TRUE
D061700553;9046;;7001;;6/4/2017 18:30;2;54;2991;1;0;35;9046;;CT;1;0;0;0;1;0;0;0;0;0;0;0;0;0;0;0;0;-23.582009;-46.683775;RUA   IGUATEMI, 7001;MapInfo CET;FALSE
D081700639;17799;;1723;;8/27/2017 18:30;2;13;7671;1;0;70;17799;;CO;1;0;0;0;1;0;0;0;0;0;0;0;0;0;0;0;0;-23.508221;-46.62868;AVENIDA   SANTOS DUMONT, 1723;MapInfo CET;FALSE
D091702980;27427;;1;;9/25/2017 18:30;2;24;7690;1;0;18;27427;;CO;1;0;0;0;1;0;0;0;0;0;0;0;0;0;0;0;0;-23.501019;-46.510594;PRACA   VIVIANE DIAS SEGURA, 1;MapInfo CET;FALSE
D091703059;26500;;442;;9/29/2017 18:33;2;27;8403;1;0;71;26500;;CO;1;0;0;0;1;0;0;0;0;0;0;0;0;0;0;0;0;-23.62959;-46.684727;AVENIDA PROF  VICENTE RAO, 442;MapInfo CET;FALSE
D091703361;14111;;8;;9/26/2017 18:35;2;51;3215;1;0;67;14111;;CL;1;0;0;0;1;0;0;0;0;0;0;0;0;0;0;0;0;-23.585645;-46.757078;RUA DR  SAMPAIO FREIRE, 8;MapInfo CET;FALSE
D021700925;11982;;275;;2/1/2017 18:37;2;73;1080;1;0;39;11982;;CO;1;0;0;0;1;0;0;0;0;0;0;0;0;0;0;0;0;-23.467048;-46.574869;RUA   LOPESTRADA DA COSTA, 275;MapInfo CET;FALSE
D031700774;72736;73418;0;;3/29/2017 18:38;2;44;900046;1;0;31;72736;73418;CO;1;0;0;0;1;0;0;0;0;0;0;0;0;0;0;0;0;-23.566795;-46.401023;RUA   FERNANDESTRADA PALERO X RUA   FERNANDO DE AUGSBURGO;MapInfo CET;TRUE
D051701136;11999;;227;;5/24/2017 18:40;2;20;4994;1;0;51;11999;;CL;1;0;0;0;1;0;0;0;0;0;0;0;0;0;0;0;0;-23.479808;-46.625157;RUA   LARIVALAMEDA GEA SANCHES, 227;MapInfo CET;FALSE
D091702846;7257;;960;;9/29/2017 18:40;2;14;5206;1;0;2;7257;;CO;1;0;0;0;1;0;0;0;0;0;0;0;0;0;0;0;0;-23.547496;-46.715654;AVENIDA PROF  FONSECA RODRIGUES, 960;MapInfo CET;FALSE
D031700701;14651;;510;;3/20/2017 18:45;2;42;1779;1;0;72;14651;;CO;1;0;0;0;1;0;0;0;0;0;0;0;0;0;0;0;0;-23.597286;-46.547935;RUA DR  NOGUEIRA DE NORONHA, 510;MapInfo CET;FALSE
D051700824;2271;;1670;;5/28/2017 18:45;2;23;1423;1;0;60;2271;;CO;1;0;0;0;1;0;0;0;0;0;0;0;0;0;0;0;0;-23.54913;-46.680464;AVENIDA DR  ARNALDO, 1670;MapInfo CET;FALSE
D091702538;16919;6897;0;;9/10/2017 18:46;2;14;7899;1;0;62;6897;16919;CV;1;0;0;0;1;0;0;0;0;0;0;0;0;0;0;0;0;-23.571054;-46.690645;AVENIDA   REBOUCAS X AVENIDA BRIG  FARIA LIMA;MapInfo CET;TRUE
D091702454;10503;;2705;;9/20/2017 18:49;2;41;8764;1;0;4;10503;;CO;0;0;0;0;1;0;0;0;0;0;0;1;0;0;0;0;0;-23.560931;-46.522001;AVENIDA   JOAO XXIII, 2705;MapInfo CET;FALSE
D101700979;43777;16981;0;;10/7/2017 18:49;2;10;8241;1;0;59;16981;43777;CO;0;0;1;0;1;0;0;0;0;0;0;0;0;0;0;0;0;-23.514785;-46.547941;AVENIDA GOV  CARVALHO PINTO X RUA DR  RENATO MAIA;MapInfo CET;TRUE
D041700362;40010;;120;;4/30/2017 18:50;2;72;3360;1;0;11;40010;;CO;0;1;0;0;1;0;0;0;0;0;0;0;0;0;0;0;0;-23.455034;-46.681569;RUA   BERNARDO DE VERA, 120;MapInfo CET;FALSE
D111700174;5309;;1388;;11/13/2017 18:50;2;51;9882;1;0;12;5309;;CL;1;0;0;0;1;0;0;0;0;0;0;0;0;0;0;0;0;-23.574306;-46.727585;AVENIDA   CORIFEU DE AZEVEDO MARQUES, 1388;MapInfo CET;FALSE
D021700225;3771;;10;;2/20/2017 18:53;2;28;1668;1;0;50;3771;;CO;1;0;0;0;1;0;0;0;0;0;0;0;0;0;0;0;0;-23.505028;-46.688158;AVENIDA   INAJAR DE SOUZA, 10;MapInfo CET;FALSE
D091702842;3581;;1987;;9/21/2017 18:54;2;78;9062;1;0;45;3581;;CO;0;0;0;0;1;0;0;0;0;0;0;0;0;0;0;1;0;-23.566454;-46.675259;AVENIDA   BRASIL, 1987;MapInfo CET;FALSE
D081701035;38283;;3658;;8/9/2017 18:55;2;25;2853;1;0;55;38283;;CO;1;0;0;0;1;0;0;0;0;0;0;0;0;0;0;0;0;-23.803191;-46.735634;RUA   CAROLINA REIMBERG, 3658;MapInfo CET;FALSE
D101702936;77598;;159;;10/8/2017 18:55;2;72;8281;1;0;11;77598;;CO;1;0;0;0;1;0;0;0;0;0;0;0;0;0;0;0;0;-23.457461;-46.682497;RUA   SEVERINO NUNESTRADA DA COSTA, 159;MapInfo CET;FALSE
D081700680;13172;12656;0;;8/5/2017 18:58;2;9;7363;1;0;86;12656;13172;CV;1;0;0;0;1;0;0;0;0;0;0;0;0;0;0;0;0;-23.506401;-46.602399;RUA   MARIA CANDIDA X RUA   MANUEL DE ALMEIDA;MapInfo CET;TRUE
D021700477;17820;;3100;;2/26/2017 19:00;2;59;1998;1;0;84;17820;;CO;1;0;0;0;1;0;0;0;0;0;0;0;0;0;0;0;0;-23.494518;-46.416397;AVENIDA MALAMEDA  TITO, 3100;MapInfo CET;FALSE
D021700749;64026;;20;;2/1/2017 19:00;2;69;1086;0;1;76;64026;;CL;0;0;1;0;1;0;0;0;0;0;0;0;0;0;0;0;0;-23.619168;-46.494158;RUA CABO  PAULO PEREIRA DA SILVA, 20;MapInfo CET;FALSE
D041700689;15507;;7000;;4/12/2017 19:00;2;85;3386;1;0;23;15507;;CO;0;1;0;0;1;0;0;0;0;0;0;0;0;0;0;0;0;-23.759254;-46.714738;AVENIDA SEN  TEOTONIO VILELA, 7000;MapInfo CET;FALSE
D041700701;3813;;1767;;4/19/2017 19:00;2;40;3626;1;0;50;3813;;CO;1;0;0;0;1;0;0;0;0;0;0;0;0;0;0;0;0;-23.499421;-46.664846;AVENIDA ENG  CAETANO ALVARES, 1767;MapInfo CET;FALSE
D051700356;17487;;100;;5/20/2017 19:00;2;51;4333;1;0;12;17487;;CO;0;1;0;0;1;0;0;0;0;0;0;0;0;0;0;0;0;-23.571174;-46.717469;RUA MAJ  RUBENS FLORENTINO VAZ, 100;MapInfo CET;FALSE
D091703183;12716;;375;;9/29/2017 19:00;2;39;9227;1;0;81;12716;;CO;1;0;0;0;1;0;0;0;0;0;0;0;0;0;0;0;0;-23.466172;-46.5965;RUA   MANUEL GAYA, 375;MapInfo CET;FALSE
D111703104;15358;;41;;11/27/2017 19:00;2;25;11189;1;0;69;15358;;CF;1;0;0;0;1;0;0;0;0;0;0;0;0;0;0;0;0;-23.538469;-46.649783;RUA  DAS PALMEIRAS, 41;MapInfo CET;FALSE
D121702294;19942;16093;0;;12/18/2017 19:00;2;23;6680;1;0;26;16093;19942;CL;1;0;0;0;1;0;0;0;0;0;0;0;0;0;0;0;0;-23.546268;-46.669859;PRACA   WENDELL WILKIE X RUA ALM  PEREIRA GUIMARAES;MapInfo CET;TRUE
D041700850;17206;;38;;4/9/2017 19:03;2;73;3609;1;0;81;17206;;CO;1;0;0;0;1;0;0;0;0;0;0;0;0;0;0;0;0;-23.44074;-46.581538;RUA   FRANCESCO MANFREDINI, 38;MapInfo CET;FALSE
D091703847;1803;;484;;9/12/2017 19:05;2;40;8144;1;0;50;1803;;CL;1;0;0;0;1;0;0;0;0;0;0;0;0;0;0;0;0;-23.499639;-46.683927;AVENIDA   ANTONIO MUNHOZ BONILHA, 484;MapInfo CET;FALSE
D061700443;14975;;670;;6/22/2017 19:12;2;22;5195;2;0;44;14975;;CO;0;1;0;0;1;0;0;0;0;0;0;0;0;0;0;0;0;-23.484704;-46.428173;AVENIDA   OLIVEIRA FREIRE, 670;MapInfo CET;FALSE
D101701479;31919;19931;0;;10/12/2017 19:15;2;27;8793;0;1;15;19931;31919;CV;1;0;0;0;1;0;0;0;0;0;0;0;0;0;0;0;0;-23.633464;-46.668967;AVENIDA JORN  ROBERTO MARINHO X AVENIDA   WASHINGTON LUIS;MapInfo CET;TRUE
D061700190;21693;;100;;6/15/2017 19:16;2;17;5873;2;0;34;21693;;CO;0;1;0;0;1;0;0;0;0;0;0;0;0;0;0;0;0;-23.603281;-46.604137;RUA DR  AUDISIO DE ALENCAR, 100;MapInfo CET;FALSE
D011700337;98750;;0;NC;1/9/2017 19:17;2;14;378;0;1;SI;98750;;QB;0;0;0;0;1;0;0;0;0;0;0;0;0;0;0;0;0;0;0;SI   SEM INFORMACAO DE ENDERECO, 0;MapInfo CET;FALSE
D021700068;36323;;337;;2/8/2017 19:18;2;70;1299;1;0;76;36323;;CO;1;0;0;0;1;0;0;0;0;0;0;0;0;0;0;0;0;-23.621887;-46.505954;RUA   SOFIA CASTELANE, 337;MapInfo CET;FALSE
D071700979;7645;;2150;;7/27/2017 19:20;2;21;6086;1;0;91;7645;;CO;1;0;0;0;1;0;0;0;0;0;0;0;0;0;0;0;0;-23.532429;-46.537723;AVENIDA CD DE FRONTIN, 2150;MapInfo CET;FALSE
D031700350;35645;;1;;3/13/2017 19:25;2;19;2560;1;0;89;35645;;CO;0;0;0;0;1;0;0;0;0;0;0;1;0;0;0;0;0;-23.517699;-46.582525;VIADUTO   CURUCA, 1;MapInfo CET;FALSE
D051701061;2483;;760;;5/16/2017 19:30;2;102;1120;1;0;79;2483;;SI;0;0;0;0;1;0;0;0;0;0;0;0;0;0;0;1;0;-23.673512;-46.712373;AVENIDA   ATLANTICA ANT. ROBERT KENNEDY, 760;MapInfo CET;FALSE
D051701113;46848;12326;0;;5/29/2017 19:30;2;15;1914;1;0;35;12326;46848;CO;1;0;0;0;1;0;0;0;0;0;0;0;0;0;0;0;0;-23.585272;-46.670683;AVENIDA   CHEDID JAFET X AVENIDA PRESTRADA  JUSCELINO KUBITSCHEK;MapInfo CET;TRUE
D081700210;62092;;94;;8/30/2017 19:30;2;24;6954;1;0;18;62092;;CO;0;1;0;0;1;0;0;0;0;0;0;0;0;0;0;0;0;-23.497389;-46.503889;RUA   OLHO D'AGUA DO BORGES, 94;MapInfo CET;FALSE
D081700454;18703;3653;0;;8/28/2017 19:30;2;8;2907;1;0;53;18703;19163;CV;1;0;0;0;1;0;0;0;0;0;0;0;0;0;0;0;0;-23.552602;-46.599135;RUA   TAQUARI X RUA   BRESSER;MapInfo CET;TRUE
D101700606;5245;;930;;10/14/2017 19:30;2;4;9373;1;0;26;5245;;CL;1;0;0;0;1;0;0;0;0;0;0;0;0;0;0;0;0;-23.548412;-46.650891;RUA  DA CONSOLACAO, 930;MapInfo CET;FALSE
D101700698;16369;;99;;10/1/2017 19:30;2;6;4053;1;0;49;16369;;CO;0;0;0;0;1;0;0;0;0;0;0;0;0;0;0;1;0;-23.564311;-46.629785;RUA   PIRESTRADA DA MOTA, 99;MapInfo CET;FALSE
D021700333;2181;;4777;;2/21/2017 19:40;2;66;709;1;0;4;2181;;CO;1;0;0;0;1;0;0;0;0;0;0;0;0;0;0;0;0;-23.561751;-46.510677;AVENIDA   ARICANDUVA, 4777;MapInfo CET;FALSE
D051700355;21798;;91;;5/12/2017 19:40;2;80;3718;1;0;16;21798;;CO;1;0;0;0;1;0;0;0;0;0;0;0;0;0;0;0;0;-23.678;-46.677863;RUA   ERNESTO ROTHSCHILD, 91;MapInfo CET;FALSE
D091701198;7257;3339;0;;9/24/2017 19:42;2;14;5082;1;0;2;2316;7257;CO;1;0;0;0;1;0;0;0;0;0;0;0;0;0;0;0;0;-23.547713;-46.715406;AVENIDA PROF  FONSECA RODRIGUES X PRACA   BEETHOVEN;MapInfo CET;TRUE
D061700240;11696;9806;0;;6/27/2017 19:43;2;64;5150;1;0;37;9806;11696;CO;1;0;0;0;1;0;0;0;0;0;0;0;0;0;0;0;0;-23.53087;-46.452883;RUA   LEILA X AVENIDA   PIRESTRADA DO RIO;MapInfo CET;TRUE
D051700857;46318;;10;;5/15/2017 19:45;2;90;4953;1;0;89;46318;;CO;1;0;0;0;1;0;0;0;0;0;0;0;0;0;0;0;0;-23.506073;-46.559282;AVENIDA EDUC  PAULO FREIRE, 10;MapInfo CET;FALSE
D081700496;14094;1871;0;;8/5/2017 19:45;2;24;6295;1;0;64;1871;14094;CV;1;0;0;0;1;0;0;0;0;0;0;0;0;0;0;0;0;-23.514212;-46.495752;ESTRADA  DE MOGI DAS CRUZES X RUA   ANTONIO SERTORIO;MapInfo CET;TRUE
D081701184;21450;;362;;8/5/2017 19:45;2;49;7610;1;0;73;21450;;CO;0;1;0;0;1;0;0;0;0;0;0;0;0;0;0;0;0;-23.607952;-46.457566;RUA  DAS ESTRELAS, 362;MapInfo CET;FALSE
D111700559;18813;10387;0;;11/4/2017 19:45;2;14;9641;1;0;45;10387;18813;CO;1;0;0;0;1;0;0;0;0;0;0;0;0;0;0;0;0;-23.558494;-46.679072;RUA   TEODORO SAMPAIO X RUA   JOAO MOURA;MapInfo CET;TRUE
D071700988;19599;18664;0;;7/19/2017 19:47;2;73;7543;0;1;82;18664;19599;QB;0;0;0;0;1;0;0;0;0;0;0;0;0;0;0;0;0;-23.47467;-46.584751;RUA  DAS VERTENTES X RUA   TANQUE VELHO;MapInfo CET;TRUE
D021700855;4103;4248;0;;2/8/2017 19:50;2;23;727;1;0;6;4103;4248;CO;1;0;0;0;1;0;0;0;0;0;0;0;0;0;0;0;0;-23.532907;-46.664466;RUA DR  CANDIDO ESPINHEIRA X RUA   CARDOSO DE ALMEIDA;MapInfo CET;TRUE
D061700184;10528;18197;0;;6/20/2017 19:50;2;12;4166;1;0;56;10528;18197;CV;0;0;0;0;1;0;0;0;0;0;0;1;0;0;0;0;0;-23.526864;-46.607411;RUA   JOAQUIM CARLOS X RUA   SILVA TELES;MapInfo CET;TRUE
D091702381;17339;;928;;9/12/2017 19:55;2;39;9529;2;0;92;17339;;CO;1;0;0;0;1;0;0;0;0;0;0;0;0;0;0;0;0;-23.479195;-46.578487;AVENIDA   ROLAND GARROS, 928;MapInfo CET;FALSE
D021700521;26500;;620;;2/21/2017 20:00;2;27;1639;1;0;71;26500;;CO;0;1;0;0;1;0;0;0;0;0;0;0;0;0;0;0;0;-23.631079;-46.684178;AVENIDA PROF  VICENTE RAO, 620;MapInfo CET;FALSE
D031700172;11542;;5466;;3/26/2017 20:00;2;68;698;1;0;96;11542;;CO;0;0;0;0;1;0;0;0;1;0;0;0;0;0;0;0;0;-23.525164;-46.417794;AVENIDA   NORDESTINA, 5466;MapInfo CET;FALSE
D041701104;98807;;0;NC;4/24/2017 20:00;2;101;4113;1;0;30;98807;;CO;0;0;1;0;1;0;0;0;0;0;0;0;0;0;0;0;0;-23.742432;-46.6644;AVENIDA   GAIVOTAS, 0;MapInfo CET;FALSE
D061700285;16870;5229;0;;6/28/2017 20:00;2;12;4377;1;0;10;5229;16870;CO;1;0;0;0;1;0;0;0;0;0;0;0;0;0;0;0;0;-23.542448;-46.615887;AVENIDA   RANGEL PESTANA X LARGO  DA CONCORDIA;MapInfo CET;TRUE
D061700566;15038;;115;;6/20/2017 20:00;2;23;3284;1;0;6;15038;;CT;0;0;0;1;1;0;0;0;0;0;0;0;0;0;0;0;0;-23.520006;-46.667478;AVENIDA   ORDEM E PROGRESSO, 115;MapInfo CET;FALSE
D061700842;14094;;2300;;6/30/2017 20:00;2;62;4033;1;0;64;14094;;CL;0;1;0;0;1;0;0;0;0;0;0;0;0;0;0;0;0;-23.516734;-46.478488;ESTRADA  DE MOGI DAS CRUZES, 2300;MapInfo CET;FALSE
D061701069;14804;16708;0;;6/10/2017 20:00;2;4;5826;1;0;7;14804;16708;CO;0;1;0;0;1;0;0;0;0;0;0;0;0;0;0;0;0;-23.55566;-46.649413;AVENIDA   NOVIELA DE JULHO X PRACA   QUATORZE BIS;MapInfo CET;TRUE
D071700201;3912;18886;0;;7/17/2017 20:00;2;96;6186;1;0;35;3912;18886;CV;1;0;0;0;1;0;0;0;0;0;0;0;0;0;0;0;0;-23.606713;-46.679474;RUA   CALIFORNIA X RUA   TEXAS;MapInfo CET;TRUE
D111700985;17824;;11538;;11/30/2017 20:00;2;69;11006;1;0;76;17824;;CO;0;0;1;0;1;0;0;0;0;0;0;0;0;0;0;0;0;-23.614595;-46.501078;AVENIDA   SAPOPEMBA, 11538;MapInfo CET;FALSE
D111703259;3522;3487;0;;11/3/2017 20:00;2;2;5767;1;0;69;3487;3522;CO;1;0;0;0;1;0;0;0;0;0;0;0;0;0;0;0;0;-23.525949;-46.651661;RUA  DO BOSQUE X RUA   BORACEA;MapInfo CET;TRUE
D031700128;3637;;3500;;3/8/2017 20:07;2;13;2500;1;0;70;3637;;CO;1;0;0;0;1;0;0;0;0;0;0;0;0;0;0;0;0;-23.504697;-46.62739;AVENIDA   BRAZ LEME, 3500;MapInfo CET;FALSE
D101700208;15706;17180;0;;10/25/2017 20:10;2;12;4603;1;0;56;15706;17180;CV;0;0;0;0;1;0;0;0;0;0;0;0;0;0;0;1;0;-23.526877;-46.605871;RUA   PAULO ANDRIGHETTI X RUA STA  RITA;MapInfo CET;TRUE
D011700389;71638;;30;;1/29/2017 20:15;2;13;905;1;0;21;71638;;CO;0;0;0;0;1;0;0;0;0;0;0;0;0;0;0;1;0;-23.487416;-46.656509;RUA   SEBASTIAO RIBEIRO DO VALLE, 30;MapInfo CET;FALSE
D031700498;16337;;3954;;3/1/2017 20:15;2;34;684;1;0;94;16337;;QB;0;0;0;0;1;0;0;0;0;0;0;0;0;0;0;0;0;-23.593671;-46.743213;AVENIDA   ELISEU DE ALMEIDA, 3954;MapInfo CET;FALSE
D031700525;967;;1181;;3/9/2017 20:18;2;19;2434;0;1;89;967;;CO;0;0;1;0;1;0;0;0;0;0;0;0;0;0;0;0;0;-23.517605;-46.584896;RUA   AMAMBAI, 1181;MapInfo CET;FALSE
D041701008;16635;;157;;4/25/2017 20:18;2;68;1667;1;0;96;16635;;CO;1;0;0;0;1;0;0;0;0;0;0;0;0;0;0;0;0;-23.535229;-46.40992;RUA   CRUZ DO ESPIRITO SANTO, 157;MapInfo CET;FALSE
D071700814;9084;;5453;;7/8/2017 20:19;2;63;5632;0;1;87;9084;;QB;0;0;0;0;1;0;0;0;0;0;0;0;0;0;0;0;0;-23.514197;-46.452251;ESTRADA  DO IMPERADOR, 5453;MapInfo CET;FALSE
D041700014;34682;;6000;;4/24/2017 20:20;2;37;2955;1;0;17;34682;;CO;1;0;0;0;1;0;0;0;0;0;0;0;0;0;0;0;0;-23.616339;-46.757103;ESTRADA  DO CAMPO LIMPO, 6000;MapInfo CET;FALSE
D111702780;8320;12307;0;;11/2/2017 20:20;2;73;11583;1;0;39;8320;12307;CF;1;0;0;0;1;0;0;0;0;0;0;0;0;0;0;0;0;-23.467704;-46.584129;AVENIDA   GUAPIRA X AVENIDA   LUIS STAMATIS;MapInfo CET;TRUE
D021700214;11716;;120;;2/2/2017 20:28;2;51;439;1;0;12;11716;;CO;0;1;0;0;1;0;0;0;0;0;0;0;0;0;0;0;0;-23.571929;-46.702543;RUA   LEMOS MONTEIRO, 120;MapInfo CET;FALSE
D061700368;14932;;1;;6/24/2017 20:30;2;10;5449;1;0;18;14932;;CV;0;1;0;0;1;0;0;0;0;0;0;0;0;0;0;0;0;-23.499394;-46.529435;RUA   OLGA ARTACHO, 1;MapInfo CET;FALSE
D061700992;16484;;23;;6/10/2017 20:30;2;64;3517;1;0;37;16484;;CO;1;0;0;0;1;0;0;0;0;0;0;0;0;0;0;0;0;-23.538983;-46.458877;RUA   TUPARENDI, 23;MapInfo CET;FALSE
D071700389;22555;;404;;7/13/2017 20:30;2;65;2130;1;0;5;22555;;CO;1;0;0;0;1;0;0;0;0;0;0;0;0;0;0;0;0;-23.542318;-46.478555;AVENIDA   JOSE PINHEIRO BORGES, 404;MapInfo CET;FALSE
D121700795;13294;;2101;;12/1/2017 20:38;2;53;7881;1;0;24;13294;;CO;1;0;0;0;1;0;0;0;0;0;0;0;0;0;0;0;0;-23.558472;-46.475124;AVENIDA   MARIA LUIZA AMERICANO, 2101;MapInfo CET;FALSE
D041701100;14903;15307;0;;4/8/2017 20:45;2;12;2348;1;0;56;14903;15307;CV;1;0;0;0;1;0;0;0;0;0;0;0;0;0;0;0;0;-23.528035;-46.618291;RUA  DAS OLARIAS X RUA   PAGANINI;MapInfo CET;TRUE
D111702320;78626;;221;;11/14/2017 20:45;2;50;10439;1;0;36;78626;;CO;0;0;0;0;1;0;0;0;0;0;0;0;0;0;0;1;0;-23.506078;-46.386382;AVENIDA   MONTE PIRAPIRAPUA, 221;MapInfo CET;FALSE
D011700357;31919;15559;0;;1/17/2017 20:50;2;96;442;1;0;35;14800;31919;CO;1;0;0;0;1;0;0;0;0;0;0;0;0;0;0;0;0;-23.617004;-46.68648;AVENIDA JORN  ROBERTO MARINHO X RUA   PASCOALAMEDA PAIS;MapInfo CET;TRUE
D091702699;3653;;2000;;9/6/2017 20:58;2;8;6130;1;0;10;3653;;CO;1;0;0;0;1;0;0;0;0;0;0;0;0;0;0;0;0;-23.54568;-46.604877;RUA   BRESSER, 2000;MapInfo CET;FALSE
D031700389;8374;;150;;3/28/2017 21:00;2;78;3451;1;0;45;8374;;CO;1;0;0;0;1;0;0;0;0;0;0;0;0;0;0;0;0;-23.573307;-46.657049;RUA   GUARARA, 150;MapInfo CET;FALSE
D041700291;12165;11078;0;;4/19/2017 21:00;2;78;1657;1;0;90;11078;12165;CV;1;0;0;0;1;0;0;0;0;0;0;0;0;0;0;0;0;-23.57207;-46.653517;AVENIDA BRIG  LUIS ANTONIO X RUA   JOSE MARIA LISBOA;MapInfo CET;TRUE
D051700081;15507;;7641;;5/14/2017 21:00;2;85;4499;0;1;23;15507;;CO;1;0;0;0;1;0;0;0;0;0;0;0;0;0;0;0;0;-23.761219;-46.715555;AVENIDA SEN  TEOTONIO VILELA, 7641;MapInfo CET;FALSE
D101700933;79111;2429;0;;10/10/2017 21:00;2;62;8039;1;0;28;2429;79111;CO;0;0;0;1;1;0;0;0;0;0;0;0;0;0;0;0;0;-23.484833;-46.478954;RUA REV  JOSE DE AZEVEDO GUERRA X RUA DR  ASSIS RIBEIRO;MapInfo CET;TRUE
D111700957;22555;;2500;;11/2/2017 21:00;2;68;4439;1;0;37;22555;;CL;1;0;0;0;1;0;0;0;0;0;0;0;0;0;0;0;0;-23.539925;-46.458707;AVENIDA   JOSE PINHEIRO BORGES, 2500;MapInfo CET;FALSE
D121702280;14975;;1907;;12/24/2017 21:10;2;59;11700;1;0;44;14975;;CV;0;0;0;0;1;0;0;0;0;0;0;1;0;0;0;0;0;-23.483909;-46.415287;AVENIDA   OLIVEIRA FREIRE, 1907;MapInfo CET;FALSE
D051700265;13973;;170;;5/16/2017 21:12;2;90;4993;1;0;92;13973;;CO;1;0;0;0;1;0;0;0;0;0;0;0;0;0;0;0;0;-23.490399;-46.57448;AVENIDA   MILTON DA ROCHA, 170;MapInfo CET;FALSE
D091700972;21997;;329;;9/1/2017 21:17;2;98;6811;1;0;22;21997;;CO;0;0;1;0;1;0;0;0;0;0;0;0;0;0;0;0;0;-23.688745;-46.634807;RUA PROF  FREITAS JULIAO, 329;MapInfo CET;FALSE
D041700095;13881;;7474;;4/16/2017 21:18;2;63;3211;2;0;87;13881;;CF;0;0;0;0;2;0;0;0;0;0;0;0;0;0;0;0;0;-23.498674;-46.463147;AVENIDA S  MIGUEL, 7474;MapInfo CET;FALSE
D051701182;18563;;101;;5/20/2017 21:20;2;17;1931;1;0;34;18563;;CO;0;1;0;0;1;0;0;0;0;0;0;0;0;0;0;0;0;-23.577218;-46.60946;RUA   TABOR, 101;MapInfo CET;FALSE
D111701527;7658;19100;0;;11/22/2017 21:20;2;96;9991;1;0;35;7658;19100;CL;1;0;0;0;1;0;0;0;0;0;0;0;0;0;0;0;0;-23.596557;-46.690644;RUA   FUNCHAL X AVENIDA  DOS BANDEIRANTES;MapInfo CET;TRUE
D011700031;8367;;3028;;1/30/2017 21:25;2;92;275;1;0;46;8367;;CO;1;0;0;0;1;0;0;0;0;0;0;0;0;0;0;0;0;-23.684477;-46.747587;AVENIDA   GUARAPIRANGA, 3028;MapInfo CET;FALSE
D091701735;27358;;1525;;9/5/2017 21:26;2;28;7951;2;0;29;27358;;CO;0;1;0;0;1;0;0;0;0;0;0;0;0;0;0;0;0;-23.476852;-46.705498;AVENIDA   FUAD LUTFALLA, 1525;MapInfo CET;FALSE
D061700020;6897;11789;0;;6/6/2017 21:37;2;15;4891;1;0;35;6897;11789;CV;0;0;1;0;1;0;0;0;0;0;0;0;0;0;0;0;0;-23.588661;-46.681978;AVENIDA BRIG  FARIA LIMA X RUA   LEOPOLDO COUTO MAGALHAESTRADA JR.;MapInfo CET;TRUE
D111703253;8000;8483;0;;11/27/2017 21:40;2;34;8881;0;1;83;8000;8483;CO;0;0;1;0;1;0;0;0;0;0;0;0;0;0;0;0;0;-23.628349;-46.736071;AVENIDA   GIOVANNI GRONCHI X AVENIDA DR  GUILHERME DUMONT VILARES;MapInfo CET;TRUE
D021700084;16829;63613;0;C LUIS ALARDO D;2/9/2017 21:41;2;42;862;1;0;93;16829;63613;CO;1;0;0;0;1;0;0;0;0;0;0;0;0;0;0;0;0;-23.607696;-46.558716;RUA PDE  RAIMUNDO DA SILVA X RUA   LUIS ALARDO DE MENEZES;MapInfo CET;TRUE
D051700901;40430;;836;;5/31/2017 21:45;2;73;5727;1;0;39;40430;;CO;1;0;0;0;1;0;0;0;0;0;0;0;0;0;0;0;0;-23.430327;-46.567597;ESTRADA   TRESTRADA CRUZES, 836;MapInfo CET;FALSE
D091700686;9546;18232;0;;9/25/2017 21:46;2;5;8787;1;0;7;9546;18232;CO;0;1;0;0;1;0;0;0;0;0;0;0;0;0;0;0;0;-23.558446;-46.650863;RUA   ITAPEVA X RUA   SILVIA (BELA VISTA);MapInfo CET;TRUE
D011700756;27613;;912;;1/9/2017 22:00;2;74;469;1;0;11;27613;;CO;1;0;0;0;1;0;0;0;0;0;0;0;0;0;0;0;0;-23.446618;-46.689514;RUA   DANIEL CERRI, 912;MapInfo CET;FALSE
D091700994;3771;;5000;;9/9/2017 22:00;2;72;7246;1;0;13;3771;;CO;0;0;0;0;1;0;0;0;0;0;0;0;0;0;0;1;0;-23.46774;-46.670136;AVENIDA   INAJAR DE SOUZA, 5000;MapInfo CET;FALSE
D101702041;9715;;0;NC;10/9/2017 22:00;2;16;3562;1;0;77;9715;;CO;1;0;0;0;1;0;0;0;0;0;0;0;0;0;0;0;0;-23.604902;-46.63697;AVENIDA   JABAQUARA, 0;MapInfo CET;FALSE
D121700455;12165;;2748;;12/5/2017 22:00;2;78;10445;1;0;45;12165;;CO;0;0;0;0;1;0;0;0;0;0;0;1;0;0;0;0;0;-23.57133;-46.652719;AVENIDA BRIG  LUIS ANTONIO, 2748;MapInfo CET;FALSE
D031700771;7645;44742;0;;3/24/2017 22:01;2;21;2377;1;0;91;7645;44742;CO;1;0;0;0;1;0;0;0;0;0;0;0;0;0;0;0;0;-23.531631;-46.522289;AVENIDA CD DE FRONTIN X AVENIDA   BERNARDINO BRITO FONSECA DE CA;MapInfo CET;TRUE
D051700864;661;;68;;5/4/2017 22:10;2;63;3740;1;0;87;661;;CF;1;0;0;0;1;0;0;0;0;0;0;0;0;0;0;0;0;-23.49176;-46.454181;RUA   PAPIRO-DO-EGITO, 68;MapInfo CET;FALSE
D011700706;5738;;1050;;1/27/2017 22:17;2;40;846;1;0;50;5738;;CO;0;0;0;0;1;0;0;0;0;0;0;0;0;0;0;1;0;-23.492279;-46.668069;RUA PROF  DARIO RIBEIRO, 1050;MapInfo CET;FALSE
D041700316;14453;6263;0;;4/4/2017 22:20;2;77;2192;1;0;69;6263;14453;CO;1;0;0;0;1;0;0;0;0;0;0;0;0;0;0;0;0;-23.53065;-46.649264;RUA CONS  NEBIAS X ALAMEDA   EDUARDO PRADO;MapInfo CET;TRUE
D011700495;30718;593;0;;1/3/2017 22:22;2;22;86;1;0;44;593;30718;CO;1;0;0;0;1;0;0;0;0;0;0;0;0;0;0;0;0;-23.4815;-46.415979;AVENIDA   JOSE MARTINS LISBOA X RUA   ROSA RUBRA;MapInfo CET;TRUE
D061700540;73197;;314;;6/27/2017 22:25;2;46;2335;1;0;61;73197;;CO;1;0;0;0;1;0;0;0;0;0;0;0;0;0;0;0;0;-23.407932;-46.758445;RUA   MOGEIRO, 314;MapInfo CET;FALSE
D011700705;9764;;616;;1/23/2017 22:30;2;27;948;1;0;15;9764;;QB;0;0;0;0;1;0;0;0;0;0;0;0;0;0;0;0;0;-23.624106;-46.678283;RUA BR DE JACEGUAI, 616;MapInfo CET;FALSE
D041700419;8255;;1238;;4/27/2017 22:30;2;77;1739;1;0;69;8255;;CO;1;0;0;0;1;0;0;0;0;0;0;0;0;0;0;0;0;-23.531182;-46.647002;RUA   GUAIANASES, 1238;MapInfo CET;FALSE
D061700993;12403;;2129;;6/17/2017 22:30;2;92;5958;1;0;43;12403;;CO;1;0;0;0;1;0;0;0;0;0;0;0;0;0;0;0;0;-23.675934;-46.752073;ESTRADA   M'BOI MIRIM, 2129;MapInfo CET;FALSE
D011700069;35462;;12;;1/6/2017 22:40;2;35;115;0;1;38;35462;;CH;0;0;0;0;1;0;0;0;0;0;0;0;0;0;0;0;0;-23.657034;-46.651792;RUA   SENEGAL, 12;MapInfo CET;FALSE
D091701644;48038;;2668;;9/16/2017 22:42;2;24;7419;1;0;59;48038;;CO;1;0;0;0;1;0;0;0;0;0;0;0;0;0;0;0;0;-23.527271;-46.490132;AVENIDA   CALIM EID (PONTE RASA), 2668;MapInfo CET;FALSE
D031700137;71944;;477;;3/6/2017 22:45;2;59;2187;1;0;44;71944;;CO;0;0;1;0;1;0;0;0;0;0;0;0;0;0;0;0;0;-23.488589;-46.392774;RUA   DOMINGOS FERNANDESTRADA NOBRE, 477;MapInfo CET;FALSE
D041700494;15656;15372;0;;4/27/2017 22:55;2;78;3655;1;0;7;15372;15656;CO;1;0;0;0;1;0;0;0;0;0;0;0;0;0;0;0;0;-23.563687;-46.653705;AVENIDA   PAULISTA X RUA   PAMPLONA;MapInfo CET;TRUE
D071700522;14317;;400;;7/25/2017 22:55;2;6;2928;1;0;49;14317;;CO;0;0;0;0;1;0;0;0;0;0;0;0;0;0;0;1;0;-23.568131;-46.62638;RUA   MUNIZ DE SOUSA, 400;MapInfo CET;FALSE
D071700680;21475;;50;;7/12/2017 23:00;2;50;6593;1;0;36;21475;;QB;0;0;0;0;1;0;0;0;0;0;0;0;0;0;0;0;0;-23.493178;-46.383464;RUA   MANUEL LEMESTRADA DA SILVA, 50;MapInfo CET;FALSE
D101702743;15887;10412;0;;10/25/2017 23:00;2;27;5586;1;0;15;10412;15887;CO;1;0;0;0;1;0;0;0;0;0;0;0;0;0;0;0;0;-23.638386;-46.657884;AVENIDA   PEDRO BUENO X AVENIDA   JOAO PEDRO CARDOSO;MapInfo CET;TRUE
D021700162;19764;;412;;2/13/2017 23:01;2;3;1420;1;0;66;19764;;CO;0;0;0;0;1;0;0;0;0;0;0;1;0;0;0;0;0;-23.552226;-46.637387;AVENIDA   VINTE E TRESTRADA DE MAIO, 412;MapInfo CET;FALSE
D031700493;7645;2181;0;;3/22/2017 23:11;2;30;2316;1;0;91;2181;7645;CO;0;0;1;0;1;0;0;0;0;0;0;0;0;0;0;0;0;-23.534729;-46.547491;AVENIDA CD DE FRONTIN X AVENIDA   ARICANDUVA;MapInfo CET;TRUE
D091701409;4847;;661;;9/19/2017 23:23;2;57;5897;1;0;53;4847;;CO;0;0;0;0;1;0;0;0;0;0;0;0;0;0;0;1;0;-23.577481;-46.585969;RUA   CHAMANTA, 661;MapInfo CET;FALSE
D021700971;5618;;4987;;2/22/2017 23:28;4;83;1088;1;0;68;5618;;AT;0;0;0;0;1;0;0;0;0;0;0;0;0;0;0;0;0;-23.64403;-46.612262;AVENIDA  DO CURSINO, 4987;MapInfo CET;FALSE
D051700686;18151;;2700;;5/2/2017 23:28;2;20;4215;0;1;81;18151;;CO;0;0;0;1;1;0;0;0;0;0;0;0;0;0;0;0;0;-23.455586;-46.602387;AVENIDA CEL  SEZEFREDO FAGUNDES, 2700;MapInfo CET;FALSE
D041700962;7061;;83000;;4/20/2017 23:30;2;73;3993;0;1;39;7061;;CO;1;0;0;0;1;0;0;0;0;0;0;0;0;0;0;0;0;-23.438155;-46.567817;VIA   FERNAO DIAS, 83000;MapInfo CET;FALSE
D061700646;11321;;1000;;6/10/2017 23:30;2;39;2138;1;0;92;11321;;CO;0;0;0;0;1;0;0;0;0;0;0;0;0;0;0;1;0;-23.490328;-46.595521;AVENIDA   JULIO BUONO, 1000;MapInfo CET;FALSE
D101700461;14743;;1366;;10/20/2017 23:30;2;99;12327;0;2;16;14743;;CO;1;0;0;0;1;0;0;0;0;0;0;0;0;0;0;0;0;-23.667285;-46.689915;AVENIDA NSRA DO SABARA, 1366;MapInfo CET;FALSE
D091703409;3581;5175;0;;9/25/2017 23:59;2;78;8923;1;0;45;3581;5175;CO;0;1;0;0;1;0;0;0;0;0;0;0;0;0;0;0;0;-23.569323;-46.671884;AVENIDA   BRASIL X RUA   COLOMBIA;MapInfo CET;TRUE
